epoch,avg_loss,accuracy
0,3.0716159343719482,0.009889240506329115
1,0.10806773602962494,0.009889240506329115
2,0.0006739511736668646,0.009889240506329115
3,1.900887582451105e-05,0.009889240506329115
4,1.860588554336573e-06,0.009889240506329115
5,3.016261302946077e-07,0.009889240506329115
6,3.581974681310385e-07,0.009889240506329115
7,1.319826594681217e-07,0.009889240506329115
8,1.1492141993585392e-07,0.009889240506329115
9,1.8043402860712376e-07,0.009889240506329115
