round,accuracy
0,0.02237851662404092
12,0.026074968030690537
54,0.03414721867007672
58,0.030590632992327366
68,0.028452685421994885
73,0.029971227621483375
