epoch,avg_loss,accuracy
0,3.3731207847595215,0.009990409207161126
1,0.17886477708816528,0.009990409207161126
2,0.00012328360753599554,0.009990409207161126
3,4.3009144690131507e-08,0.009990409207161126
4,0.0,0.009990409207161126
