epoch,avg_loss,accuracy
0,4.587779998779297,0.08322704081632654
1,4.003995895385742,0.07971938775510204
2,2.9444191455841064,0.07971938775510204
3,1.5445760488510132,0.07971938775510204
4,0.47509443759918213,0.07971938775510204
