epoch,avg_loss,accuracy
0,4.360904216766357,0.07971938775510204
1,3.6878604888916016,0.07971938775510204
2,2.2857158184051514,0.07971938775510204
3,0.4727732539176941,0.07971938775510204
4,0.014222036115825176,0.07971938775510204
