epoch,avg_loss,accuracy
0,4.64198637008667,0.07987882653061225
1,4.213622570037842,0.07971938775510204
2,3.3582723140716553,0.07971938775510204
3,1.7401015758514404,0.07971938775510204
4,0.04397762939333916,0.07971938775510204
