epoch,avg_loss,accuracy
0,3.2932231426239014,0.009889240506329115
1,0.19097745418548584,0.009889240506329115
2,0.0017360533820465207,0.009889240506329115
3,9.518469596514478e-05,0.009889240506329115
4,1.1520931366248988e-05,0.009889240506329115
5,5.674037765857065e-06,0.009889240506329115
6,3.1697738904767903e-06,0.009889240506329115
7,2.3833497380110202e-06,0.009889240506329115
8,1.8928692497865995e-06,0.009889240506329115
9,8.893098311091308e-07,0.009889240506329115
