round,accuracy
0,0.02022058823529412
4,0.03496643222506394
7,0.03097026854219949
19,0.031789482097186704
28,0.0326886189258312
31,0.040621003836317136
68,0.03758391943734015
