epoch,avg_loss,accuracy
0,4.549220561981201,0.08641581632653061
1,3.962636709213257,0.07971938775510204
2,2.865018129348755,0.07971938775510204
3,1.4417084455490112,0.07971938775510204
4,0.44605255126953125,0.07971938775510204
