epoch,avg_loss,accuracy
0,3.4528143405914307,0.009990409207161126
1,0.16952857375144958,0.009990409207161126
2,0.00013223873975221068,0.009990409207161126
3,1.583247133396526e-08,0.009990409207161126
4,0.0,0.009990409207161126
