epoch,avg_loss,accuracy
0,3.1325550079345703,0.009889240506329115
1,0.1273440569639206,0.009889240506329115
2,0.0013679354451596737,0.009889240506329115
3,8.597166743129492e-05,0.009889240506329115
4,1.4191388800099958e-05,0.009889240506329115
5,2.893846613005735e-06,0.009889240506329115
6,2.1792766347061843e-06,0.009889240506329115
7,2.078422085105558e-06,0.009889240506329115
8,1.589185217198974e-06,0.009889240506329115
9,1.2419807262631366e-06,0.009889240506329115
