epoch,avg_loss,accuracy
0,2.237130641937256,0.009889240506329115
1,0.02392209880053997,0.009889240506329115
2,0.0002633915573824197,0.009889240506329115
3,4.089830326847732e-05,0.009889240506329115
4,2.6779989639180712e-05,0.009889240506329115
5,3.0120587325654924e-05,0.009889240506329115
6,2.742174956438248e-06,0.009889240506329115
7,3.7236893604131183e-06,0.009889240506329115
8,2.165098521800246e-06,0.009889240506329115
9,4.034869505176175e-07,0.009889240506329115
