epoch,avg_loss,accuracy
0,4.651073455810547,0.08498086734693877
1,4.187572479248047,0.07971938775510204
2,3.2395431995391846,0.07971938775510204
3,1.3721978664398193,0.07971938775510204
4,0.017010796815156937,0.07971938775510204
