epoch,avg_loss,accuracy
0,2.4228994846343994,0.009889240506329115
1,0.006506865844130516,0.009889240506329115
2,1.5185766642389353e-05,0.009889240506329115
3,1.2006075849058107e-06,0.009889240506329115
4,2.672286655069911e-06,0.009889240506329115
5,2.648019687967462e-07,0.009889240506329115
6,4.144368404013221e-08,0.009889240506329115
7,1.087775629571297e-07,0.009889240506329115
8,9.080384444359879e-09,0.009889240506329115
9,1.304626664477837e-07,0.009889240506329115
