epoch,avg_loss,accuracy
0,3.6617965698242188,0.009990409207161126
1,0.22761471569538116,0.009990409207161126
2,9.778881704392006e-09,0.009990409207161126
3,0.0,0.009990409207161126
4,0.0,0.009990409207161126
