epoch,avg_loss,accuracy
0,3.409529209136963,0.009990409207161126
1,0.06789302825927734,0.009990409207161126
2,3.0267979234110953e-09,0.009990409207161126
3,0.0,0.009990409207161126
4,0.0,0.009990409207161126
