epoch,avg_loss,accuracy
0,4.301167011260986,0.07971938775510204
1,3.7949440479278564,0.07971938775510204
2,2.8107941150665283,0.07971938775510204
3,1.3537358045578003,0.07971938775510204
4,0.18493646383285522,0.07971938775510204
