epoch,avg_loss,accuracy
0,3.192045211791992,0.009990409207161126
1,0.0014985996531322598,0.009990409207161126
2,0.0,0.009990409207161126
3,0.0,0.009990409207161126
4,0.0,0.009990409207161126
