epoch,avg_loss,accuracy
0,3.2737185955047607,0.009889240506329115
1,0.20857135951519012,0.009889240506329115
2,0.002277333987876773,0.009889240506329115
3,0.00011198894208064303,0.009889240506329115
4,1.3005718756176066e-05,0.009889240506329115
5,5.162983143236488e-06,0.009889240506329115
6,1.5822005252630333e-06,0.009889240506329115
7,1.074711235560244e-06,0.009889240506329115
8,7.828911066098954e-07,0.009889240506329115
9,5.420749857876217e-07,0.009889240506329115
