epoch,avg_loss,accuracy
0,4.589270114898682,0.08960459183673469
1,4.240775108337402,0.07971938775510204
2,3.565089225769043,0.07971938775510204
3,2.506293535232544,0.07971938775510204
4,0.9848914742469788,0.07971938775510204
