epoch,avg_loss,accuracy
0,3.7734124660491943,0.009990409207161126
1,0.24311763048171997,0.009990409207161126
2,1.629814394554785e-09,0.009990409207161126
3,0.0,0.009990409207161126
4,0.0,0.009990409207161126
