epoch,avg_loss,accuracy
0,2.331403970718384,0.009889240506329115
1,0.010296141728758812,0.009889240506329115
2,0.00025452239788137376,0.009889240506329115
3,1.3788659998681396e-05,0.009889240506329115
4,1.974099359358661e-05,0.009889240506329115
5,2.5345495942019625e-06,0.009889240506329115
6,8.425058126704243e-07,0.009889240506329115
7,9.31823876726412e-07,0.009889240506329115
8,9.121281436819118e-07,0.009889240506329115
9,4.108323082618881e-06,0.009889240506329115
