epoch,avg_loss,accuracy
0,4.5205488204956055,0.07971938775510204
1,3.7658650875091553,0.07971938775510204
2,2.2867157459259033,0.07971938775510204
3,0.42290303111076355,0.07971938775510204
4,0.01829150877892971,0.07971938775510204
