epoch,avg_loss,accuracy
0,2.5608022212982178,0.009889240506329115
1,0.012113156728446484,0.009889240506329115
2,0.0003281343379057944,0.009889240506329115
3,2.788043457258027e-05,0.009889240506329115
4,8.03707825980382e-06,0.009889240506329115
5,1.6708045222912915e-06,0.009889240506329115
6,3.1777727826920454e-07,0.009889240506329115
7,2.7868117058460484e-07,0.009889240506329115
8,1.2535276709968457e-06,0.009889240506329115
9,4.000657227720694e-08,0.009889240506329115
