epoch,avg_loss,accuracy
0,3.7649106979370117,0.009990409207161126
1,0.1509840041399002,0.009990409207161126
2,4.6566125955216364e-10,0.009990409207161126
3,0.0,0.009990409207161126
4,0.0,0.009990409207161126
