epoch,avg_loss,accuracy
0,4.599363327026367,0.08864795918367346
1,4.248205184936523,0.07971938775510204
2,3.559709072113037,0.07971938775510204
3,2.4689557552337646,0.07971938775510204
4,0.8215096592903137,0.07971938775510204
