epoch,avg_loss,accuracy
0,3.6444289684295654,0.009990409207161126
1,0.13850487768650055,0.009990409207161126
2,0.0,0.009990409207161126
3,0.0,0.009990409207161126
4,0.0,0.009990409207161126
