epoch,avg_loss,accuracy
0,3.5160717964172363,0.009990409207161126
1,0.07742401212453842,0.009990409207161126
2,0.0,0.009990409207161126
3,0.0,0.009990409207161126
4,0.0,0.009990409207161126
