epoch,avg_loss,accuracy
0,4.5961480140686035,0.08258928571428571
1,4.151925563812256,0.07971938775510204
2,3.2771265506744385,0.07971938775510204
3,1.7768856287002563,0.07971938775510204
4,0.2382180094718933,0.07971938775510204
