round,accuracy
0,0.023557384910485934
3,0.02377717391304348
20,0.025975063938618925
31,0.03720428388746803
50,0.037444053708439895
54,0.03916240409207161
57,0.037663842710997444
72,0.036125319693094626
