epoch,avg_loss,accuracy
0,3.3233025074005127,0.009990409207161126
1,0.13495799899101257,0.009990409207161126
2,6.933054828550667e-05,0.009990409207161126
3,6.146697728581785e-08,0.009990409207161126
4,0.0,0.009990409207161126
