epoch,avg_loss,accuracy
0,2.797088861465454,0.009990409207161126
1,0.00031954716541804373,0.009990409207161126
2,0.0,0.009990409207161126
3,0.0,0.009990409207161126
4,0.0,0.009990409207161126
