epoch,avg_loss,accuracy
0,3.7999720573425293,0.009990409207161126
1,0.41088682413101196,0.009990409207161126
2,3.795136649387132e-07,0.009990409207161126
3,0.0,0.009990409207161126
4,0.0,0.009990409207161126
