epoch,avg_loss,accuracy
0,4.621969699859619,0.07876275510204081
1,4.326664447784424,0.07971938775510204
2,3.7552430629730225,0.07971938775510204
3,2.875603675842285,0.07971938775510204
4,1.561638593673706,0.07971938775510204
