epoch,avg_loss,accuracy
0,2.3562982082366943,0.009889240506329115
1,0.035987429320812225,0.009889240506329115
2,0.0008337459294125438,0.009889240506329115
3,0.00014905465650372207,0.009889240506329115
4,2.3103026251192205e-05,0.009889240506329115
5,1.6973683159449138e-05,0.009889240506329115
6,4.503369200392626e-05,0.009889240506329115
7,1.4325723896035925e-05,0.009889240506329115
8,1.5349965906352736e-05,0.009889240506329115
9,1.3429266800812911e-05,0.009889240506329115
