epoch,avg_loss,accuracy
0,3.0187766551971436,0.009990409207161126
1,0.010955355130136013,0.009990409207161126
2,0.0,0.009990409207161126
3,0.0,0.009990409207161126
4,0.0,0.009990409207161126
