epoch,avg_loss,accuracy
0,3.0202763080596924,0.009889240506329115
1,0.08716734498739243,0.009889240506329115
2,0.00046757201198488474,0.009889240506329115
3,2.9268532671267167e-05,0.009889240506329115
4,4.4526104829856195e-06,0.009889240506329115
5,9.110746646001644e-07,0.009889240506329115
6,1.4525202232107404e-06,0.009889240506329115
7,3.727112982687686e-07,0.009889240506329115
8,2.189399310736917e-07,0.009889240506329115
9,1.9174733267846022e-07,0.009889240506329115
