epoch,avg_loss,accuracy
0,3.4086294174194336,0.009889240506329115
1,0.2004915028810501,0.009889240506329115
2,0.0015806772280484438,0.009889240506329115
3,0.00010912666039075702,0.009889240506329115
4,1.9168955986970104e-05,0.009889240506329115
5,5.638636139337905e-06,0.009889240506329115
6,3.550188694134704e-06,0.009889240506329115
7,1.3003706271774718e-06,0.009889240506329115
8,1.0558081839917577e-06,0.009889240506329115
9,1.4462234503298532e-06,0.009889240506329115
