epoch,avg_loss,accuracy
0,3.889441728591919,0.009990409207161126
1,0.43656277656555176,0.009990409207161126
2,2.473557970006368e-06,0.009990409207161126
3,0.0,0.009990409207161126
4,0.0,0.009990409207161126
