epoch,avg_loss,accuracy
0,3.0205905437469482,0.009990409207161126
1,0.003935190383344889,0.009990409207161126
2,0.0,0.009990409207161126
3,0.0,0.009990409207161126
4,0.0,0.009990409207161126
