epoch,avg_loss,accuracy
0,3.8772835731506348,0.009990409207161126
1,0.3505275845527649,0.009990409207161126
2,1.5902310224191751e-07,0.009990409207161126
3,0.0,0.009990409207161126
4,0.0,0.009990409207161126
