epoch,avg_loss,accuracy
0,4.606489658355713,0.07382015306122448
1,4.048035144805908,0.07971938775510204
2,3.0124144554138184,0.07971938775510204
3,1.5692212581634521,0.07971938775510204
4,0.4364692270755768,0.07971938775510204
