epoch,avg_loss,accuracy
0,3.055535078048706,0.009889240506329115
1,0.11447219550609589,0.009889240506329115
2,0.0005217925063334405,0.009889240506329115
3,2.8083746656193398e-05,0.009889240506329115
4,4.912956683256198e-06,0.009889240506329115
5,7.788997891111649e-07,0.009889240506329115
6,4.3976561414638127e-07,0.009889240506329115
7,5.909448645979865e-07,0.009889240506329115
8,1.655977257541963e-07,0.009889240506329115
9,1.069413713139511e-07,0.009889240506329115
