epoch,avg_loss,accuracy
0,3.736401081085205,0.009990409207161126
1,0.21567295491695404,0.009990409207161126
2,5.145556158936415e-08,0.009990409207161126
3,0.0,0.009990409207161126
4,0.0,0.009990409207161126
