epoch,avg_loss,accuracy
0,2.3644843101501465,0.009889240506329115
1,0.03220127150416374,0.009889240506329115
2,0.000528046628460288,0.009889240506329115
3,2.9532751796068624e-05,0.009889240506329115
4,1.4624632967752405e-05,0.009889240506329115
5,7.520060535171069e-06,0.009889240506329115
6,1.2362671441223938e-05,0.009889240506329115
7,7.251898750837427e-06,0.009889240506329115
8,1.7806285086408025e-06,0.009889240506329115
9,3.486253262963146e-06,0.009889240506329115
