epoch,avg_loss,accuracy
0,3.0422563552856445,0.009889240506329115
1,0.09049523621797562,0.009889240506329115
2,0.000839515938423574,0.009889240506329115
3,5.3065497922943905e-05,0.009889240506329115
4,7.4041813604708295e-06,0.009889240506329115
5,2.907658426920534e-06,0.009889240506329115
6,9.83158201961487e-07,0.009889240506329115
7,7.003873179201037e-07,0.009889240506329115
8,1.3240676253190031e-06,0.009889240506329115
9,1.1303218343527988e-06,0.009889240506329115
