epoch,avg_loss,accuracy
0,3.042226791381836,0.009889240506329115
1,0.12745706737041473,0.009889240506329115
2,0.0014355153543874621,0.009889240506329115
3,0.00011038671073038131,0.009889240506329115
4,4.2086601752089337e-05,0.009889240506329115
5,9.55928408075124e-06,0.009889240506329115
6,6.1779292082064785e-06,0.009889240506329115
7,3.8893986129551195e-06,0.009889240506329115
8,3.0617327411164297e-06,0.009889240506329115
9,3.064384600293124e-06,0.009889240506329115
