epoch,avg_loss,accuracy
0,1.8911035060882568,0.009889240506329115
1,4.713833732239436e-06,0.009889240506329115
2,0.0,0.009889240506329115
3,0.0,0.009889240506329115
4,0.0,0.009889240506329115
