epoch,avg_loss,accuracy
0,2.7955174446105957,0.009889240506329115
1,0.056865058839321136,0.009889240506329115
2,0.00047580007230862975,0.009889240506329115
3,2.194356784457341e-05,0.009889240506329115
4,2.4955608751042746e-05,0.009889240506329115
5,3.0466774205706315e-06,0.009889240506329115
6,2.8403544547472848e-06,0.009889240506329115
7,5.604911734735651e-07,0.009889240506329115
8,3.6953946391804493e-07,0.009889240506329115
9,3.379553390914225e-06,0.009889240506329115
