epoch,avg_loss,accuracy
0,2.260281801223755,0.009889240506329115
1,0.005049337632954121,0.009889240506329115
2,2.6264691769029014e-05,0.009889240506329115
3,3.4255540413141716e-06,0.009889240506329115
4,2.411451021089306e-07,0.009889240506329115
5,1.2517371317244397e-07,0.009889240506329115
6,3.213056487538779e-08,0.009889240506329115
7,5.2427004959554324e-09,0.009889240506329115
8,3.225892442060285e-08,0.009889240506329115
9,1.4163738626393751e-07,0.009889240506329115
