round,accuracy
0,0.15880754475703324
9,0.16176470588235295
16,0.16528132992327366
28,0.16234414961636828
30,0.16154491687979539
36,0.15650975063938619
