epoch,avg_loss,accuracy
0,4.491626262664795,0.07971938775510204
1,3.752089500427246,0.07971938775510204
2,2.35227370262146,0.07971938775510204
3,0.5612204670906067,0.07971938775510204
4,0.02863406203687191,0.07971938775510204
