epoch,avg_loss,accuracy
0,4.662124156951904,0.07971938775510204
1,3.7967326641082764,0.07971938775510204
2,2.1642465591430664,0.07971938775510204
3,0.28361615538597107,0.07971938775510204
4,0.009035598486661911,0.07971938775510204
