epoch,avg_loss,accuracy
0,4.648677349090576,0.08370535714285714
1,4.290113925933838,0.07971938775510204
2,3.6307249069213867,0.07971938775510204
3,2.6165010929107666,0.07971938775510204
4,1.1319081783294678,0.07971938775510204
