epoch,avg_loss,accuracy
0,3.0564117431640625,0.009990409207161126
1,0.002743259770795703,0.009990409207161126
2,0.0,0.009990409207161126
3,0.0,0.009990409207161126
4,0.0,0.009990409207161126
