epoch,avg_loss,accuracy
0,2.995514392852783,0.009889240506329115
1,0.05975228175520897,0.009889240506329115
2,0.0003373830986674875,0.009889240506329115
3,9.471292287344113e-05,0.009889240506329115
4,1.7096086594392546e-05,0.009889240506329115
5,5.1903939493058715e-06,0.009889240506329115
6,1.7889459513753536e-06,0.009889240506329115
7,8.266461009043269e-07,0.009889240506329115
8,9.833693184191361e-07,0.009889240506329115
9,1.6600706658209674e-06,0.009889240506329115
