epoch,avg_loss,accuracy
0,1.6445766687393188,0.009889240506329115
1,3.975706931669265e-06,0.009889240506329115
2,0.0,0.009889240506329115
3,0.0,0.009889240506329115
4,0.0,0.009889240506329115
