epoch,avg_loss,accuracy
0,2.9743313789367676,0.009889240506329115
1,0.05180160328745842,0.009889240506329115
2,0.0006370740011334419,0.009889240506329115
3,4.2697505705291405e-05,0.009889240506329115
4,8.598390195402317e-06,0.009889240506329115
5,4.3884292608709075e-06,0.009889240506329115
6,1.0048299827758456e-06,0.009889240506329115
7,7.634927783328749e-07,0.009889240506329115
8,1.5457592326129088e-06,0.009889240506329115
9,3.493120175335207e-07,0.009889240506329115
