epoch,avg_loss,accuracy
0,4.628213405609131,0.08370535714285714
1,4.1339263916015625,0.07971938775510204
2,3.20220947265625,0.07971938775510204
3,1.7692501544952393,0.07971938775510204
4,0.3686211109161377,0.07971938775510204
