epoch,avg_loss,accuracy
0,3.299316167831421,0.009990409207161126
1,0.09948471188545227,0.009990409207161126
2,5.587911644511223e-08,0.009990409207161126
3,0.0,0.009990409207161126
4,0.0,0.009990409207161126
