epoch,avg_loss,accuracy
0,2.7313685417175293,0.009990409207161126
1,0.0015100152231752872,0.009990409207161126
2,0.0,0.009990409207161126
3,0.0,0.009990409207161126
4,0.0,0.009990409207161126
