epoch,avg_loss,accuracy
0,3.316892147064209,0.009990409207161126
1,0.007426742929965258,0.009990409207161126
2,0.0,0.009990409207161126
3,0.0,0.009990409207161126
4,0.0,0.009990409207161126
