epoch,avg_loss,accuracy
0,4.770689487457275,0.09917091836734694
1,4.188592910766602,0.07971938775510204
2,3.0751492977142334,0.07971938775510204
3,1.4138171672821045,0.07971938775510204
4,0.11737870424985886,0.07971938775510204
