epoch,avg_loss,accuracy
0,3.514420509338379,0.009990409207161126
1,0.0812523290514946,0.009990409207161126
2,2.095475348795617e-09,0.009990409207161126
3,0.0,0.009990409207161126
4,0.0,0.009990409207161126
