epoch,avg_loss,accuracy
0,2.2977936267852783,0.009889240506329115
1,0.018164673820137978,0.009889240506329115
2,0.0002555270039010793,0.009889240506329115
3,7.387835648842156e-05,0.009889240506329115
4,1.4163659216137603e-05,0.009889240506329115
5,4.363340849522501e-06,0.009889240506329115
6,1.0656365702743642e-05,0.009889240506329115
7,2.3308023173740366e-06,0.009889240506329115
8,3.1860608942224644e-06,0.009889240506329115
9,7.584866352772224e-07,0.009889240506329115
