epoch,avg_loss,accuracy
0,4.534025192260742,0.08290816326530612
1,3.950808525085449,0.07971938775510204
2,2.852297306060791,0.07971938775510204
3,1.4346479177474976,0.07971938775510204
4,0.4073599576950073,0.07971938775510204
