epoch,avg_loss,accuracy
0,3.1206626892089844,0.009990409207161126
1,0.10702694207429886,0.009990409207161126
2,8.614216494606808e-05,0.009990409207161126
3,1.443549280111256e-08,0.009990409207161126
4,0.0,0.009990409207161126
