epoch,avg_loss,accuracy
0,2.677049160003662,0.009889240506329115
1,0.023334965109825134,0.009889240506329115
2,0.0011074468493461609,0.009889240506329115
3,4.14647365687415e-05,0.009889240506329115
4,2.0694344129879028e-05,0.009889240506329115
5,5.589156899077352e-06,0.009889240506329115
6,5.347228125174297e-06,0.009889240506329115
7,5.698307177226525e-07,0.009889240506329115
8,1.956049345608335e-05,0.009889240506329115
9,4.189809715171577e-06,0.009889240506329115
