epoch,avg_loss,accuracy
0,3.5453898906707764,0.009990409207161126
1,0.11877870559692383,0.009990409207161126
2,9.1501632937252e-08,0.009990409207161126
3,0.0,0.009990409207161126
4,0.0,0.009990409207161126
