epoch,avg_loss,accuracy
0,3.7609009742736816,0.009990409207161126
1,0.2639780342578888,0.009990409207161126
2,7.241023070037045e-08,0.009990409207161126
3,0.0,0.009990409207161126
4,0.0,0.009990409207161126
