epoch,avg_loss,accuracy
0,2.521353006362915,0.009889240506329115
1,0.008826835080981255,0.009889240506329115
2,2.9270830054883845e-05,0.009889240506329115
3,7.979007818903483e-07,0.009889240506329115
4,5.629670596363212e-08,0.009889240506329115
5,2.7297382132474013e-09,0.009889240506329115
6,2.818052458053444e-09,0.009889240506329115
7,2.3283062977608182e-10,0.009889240506329115
8,6.607564717597825e-09,0.009889240506329115
9,4.07931217694113e-08,0.009889240506329115
