epoch,avg_loss,accuracy
0,3.179006814956665,0.009990409207161126
1,0.0013585822889581323,0.009990409207161126
2,0.0,0.009990409207161126
3,0.0,0.009990409207161126
4,0.0,0.009990409207161126
