epoch,avg_loss,accuracy
0,4.554813385009766,0.08290816326530612
1,4.055788040161133,0.07971938775510204
2,3.0109055042266846,0.07971938775510204
3,1.1559758186340332,0.07971938775510204
4,0.014533694833517075,0.07971938775510204
