epoch,avg_loss,accuracy
0,2.9636900424957275,0.009990409207161126
1,0.013700784184038639,0.009990409207161126
2,0.0,0.009990409207161126
3,0.0,0.009990409207161126
4,0.0,0.009990409207161126
