epoch,avg_loss,accuracy
0,3.2145018577575684,0.009889240506329115
1,0.150453120470047,0.009889240506329115
2,0.0015602369094267488,0.009889240506329115
3,0.0001364558411296457,0.009889240506329115
4,3.179461054969579e-05,0.009889240506329115
5,1.0831002327904571e-05,0.009889240506329115
6,7.037345767457737e-06,0.009889240506329115
7,2.916186758739059e-06,0.009889240506329115
8,4.226262262818636e-06,0.009889240506329115
9,2.6670443276088918e-06,0.009889240506329115
