epoch,avg_loss,accuracy
0,1.4508166313171387,0.009889240506329115
1,1.947621967701707e-06,0.009889240506329115
2,0.0,0.009889240506329115
3,0.0,0.009889240506329115
4,0.0,0.009889240506329115
