epoch,avg_loss,accuracy
0,2.64213490486145,0.009889240506329115
1,0.03130892291665077,0.009889240506329115
2,0.0006430213688872755,0.009889240506329115
3,5.6044718803605065e-05,0.009889240506329115
4,7.350639407377457e-06,0.009889240506329115
5,9.96959101939865e-07,0.009889240506329115
6,6.676809789496474e-06,0.009889240506329115
7,7.424984005410806e-07,0.009889240506329115
8,7.576056759717176e-07,0.009889240506329115
9,3.727067678482854e-06,0.009889240506329115
