epoch,avg_loss,accuracy
0,2.7109367847442627,0.009889240506329115
1,0.049087703227996826,0.009889240506329115
2,0.001008069608360529,0.009889240506329115
3,7.640016701770946e-05,0.009889240506329115
4,3.946051947423257e-05,0.009889240506329115
5,6.2678527683601715e-06,0.009889240506329115
6,7.292844657058595e-06,0.009889240506329115
7,7.436165105900727e-06,0.009889240506329115
8,1.9173403416061774e-06,0.009889240506329115
9,4.88823707200936e-06,0.009889240506329115
