epoch,avg_loss,accuracy
0,4.7612810134887695,0.07987882653061225
1,4.1740851402282715,0.07971938775510204
2,3.0702133178710938,0.07971938775510204
3,1.625968098640442,0.07971938775510204
4,0.4626922011375427,0.07971938775510204
