epoch,avg_loss,accuracy
0,3.3245558738708496,0.009990409207161126
1,0.13083261251449585,0.009990409207161126
2,0.0001079203502740711,0.009990409207161126
3,5.890589704904414e-08,0.009990409207161126
4,0.0,0.009990409207161126
