epoch,avg_loss,accuracy
0,2.4497687816619873,0.009889240506329115
1,0.022932402789592743,0.009889240506329115
2,0.0006746338913217187,0.009889240506329115
3,7.612718036398292e-05,0.009889240506329115
4,2.0284540369175375e-05,0.009889240506329115
5,3.0201395020412747e-06,0.009889240506329115
6,6.986654625507072e-06,0.009889240506329115
7,2.419388238195097e-06,0.009889240506329115
8,2.063582769551431e-06,0.009889240506329115
9,1.2289541473364807e-06,0.009889240506329115
