epoch,avg_loss,accuracy
0,2.7551510334014893,0.009889240506329115
1,0.049575529992580414,0.009889240506329115
2,0.0005428061122074723,0.009889240506329115
3,0.00014102841669227928,0.009889240506329115
4,1.2827384125557728e-05,0.009889240506329115
5,8.836968845571391e-06,0.009889240506329115
6,3.9465357986046e-06,0.009889240506329115
7,3.202270136171137e-06,0.009889240506329115
8,3.3008543596224627e-06,0.009889240506329115
9,3.318966264487244e-06,0.009889240506329115
