epoch,avg_loss,accuracy
0,1.632527470588684,0.009889240506329115
1,1.5836942566238577e-06,0.009889240506329115
2,0.0,0.009889240506329115
3,0.0,0.009889240506329115
4,0.0,0.009889240506329115
