epoch,avg_loss,accuracy
0,4.6504364013671875,0.08801020408163265
1,4.071875095367432,0.07971938775510204
2,2.9601564407348633,0.07971938775510204
3,1.5334360599517822,0.07971938775510204
4,0.4428146183490753,0.07971938775510204
