epoch,avg_loss,accuracy
0,3.4702913761138916,0.009990409207161126
1,0.0013916860334575176,0.009990409207161126
2,0.0,0.009990409207161126
3,0.0,0.009990409207161126
4,0.0,0.009990409207161126
