epoch,avg_loss,accuracy
0,2.4274213314056396,0.009889240506329115
1,0.00930110365152359,0.009889240506329115
2,2.022938679147046e-05,0.009889240506329115
3,7.452944714714249e-07,0.009889240506329115
4,2.454559364650777e-07,0.009889240506329115
5,5.7211604342910505e-08,0.009889240506329115
6,8.381797300671678e-08,0.009889240506329115
7,4.247150631186969e-09,0.009889240506329115
8,5.355101251325323e-09,0.009889240506329115
9,9.802959333171657e-09,0.009889240506329115
