epoch,avg_loss,accuracy
0,3.1433005332946777,0.009990409207161126
1,0.0010352570097893476,0.009990409207161126
2,0.0,0.009990409207161126
3,0.0,0.009990409207161126
4,0.0,0.009990409207161126
