epoch,avg_loss,accuracy
0,4.5773024559021,0.08322704081632654
1,4.1041765213012695,0.07971938775510204
2,3.0283679962158203,0.07971938775510204
3,0.8695523142814636,0.07971938775510204
4,0.003207253525033593,0.07971938775510204
