epoch,avg_loss,accuracy
0,4.542691707611084,0.08242984693877552
1,3.9807052612304688,0.07971938775510204
2,2.908658742904663,0.07971938775510204
3,1.5109281539916992,0.07971938775510204
4,0.43787887692451477,0.07971938775510204
