epoch,avg_loss,accuracy
0,3.2601749897003174,0.009990409207161126
1,0.13149279356002808,0.009990409207161126
2,4.1946652345359325e-05,0.009990409207161126
3,6.98491486872399e-09,0.009990409207161126
4,0.0,0.009990409207161126
