epoch,avg_loss,accuracy
0,3.7595787048339844,0.009990409207161126
1,0.39638751745224,0.009990409207161126
2,2.6609579890646273e-06,0.009990409207161126
3,0.0,0.009990409207161126
4,0.0,0.009990409207161126
