epoch,avg_loss,accuracy
0,2.1920456886291504,0.009889240506329115
1,0.008401955477893353,0.009889240506329115
2,0.00015751981118228287,0.009889240506329115
3,1.6579930161242373e-05,0.009889240506329115
4,3.2550949981668964e-05,0.009889240506329115
5,3.6950768844690174e-06,0.009889240506329115
6,7.696220563957468e-06,0.009889240506329115
7,3.1712936277017434e-08,0.009889240506329115
8,2.5982174065575236e-06,0.009889240506329115
9,1.461713850403612e-06,0.009889240506329115
