epoch,avg_loss,accuracy
0,3.129399299621582,0.009990409207161126
1,0.11033894121646881,0.009990409207161126
2,3.200722858309746e-05,0.009990409207161126
3,5.122273272206712e-09,0.009990409207161126
4,0.0,0.009990409207161126
