epoch,avg_loss,accuracy
0,4.548954963684082,0.08099489795918367
1,4.202539443969727,0.07971938775510204
2,3.5454001426696777,0.07971938775510204
3,2.5298821926116943,0.07971938775510204
4,1.1031335592269897,0.07971938775510204
