epoch,avg_loss,accuracy
0,1.1828944683074951,0.009889240506329115
1,0.0,0.009889240506329115
2,0.0,0.009889240506329115
3,0.0,0.009889240506329115
4,0.0,0.009889240506329115
