epoch,avg_loss,accuracy
0,2.3393256664276123,0.009889240506329115
1,0.007898014970123768,0.009889240506329115
2,3.0314662581076846e-05,0.009889240506329115
3,1.7663327298578224e-06,0.009889240506329115
4,9.72667848486708e-08,0.009889240506329115
5,2.417422884093412e-08,0.009889240506329115
6,1.7759340664724732e-08,0.009889240506329115
7,3.0508837678411282e-09,0.009889240506329115
8,4.494421546041849e-08,0.009889240506329115
9,5.298901761818797e-09,0.009889240506329115
