epoch,avg_loss,accuracy
0,1.874820590019226,0.009889240506329115
1,0.004019472748041153,0.009889240506329115
2,7.617023948114365e-05,0.009889240506329115
3,8.882006113708485e-06,0.009889240506329115
4,1.1798517789429752e-06,0.009889240506329115
5,2.393353497609496e-07,0.009889240506329115
6,1.2803941729089274e-07,0.009889240506329115
7,5.061558567831526e-07,0.009889240506329115
8,1.305282779640038e-07,0.009889240506329115
9,4.210935003357008e-06,0.009889240506329115
