epoch,avg_loss,accuracy
0,3.3450160026550293,0.009990409207161126
1,0.13620132207870483,0.009990409207161126
2,8.683365012984723e-05,0.009990409207161126
3,4.796288877173538e-08,0.009990409207161126
4,1.1641528852024408e-09,0.009990409207161126
