epoch,avg_loss,accuracy
0,2.4102835655212402,0.009889240506329115
1,0.007900431752204895,0.009889240506329115
2,2.4107090212055482e-05,0.009889240506329115
3,2.1721380107919686e-06,0.009889240506329115
4,1.579387287620193e-07,0.009889240506329115
5,3.8537407931471535e-08,0.009889240506329115
6,2.9119785693865197e-08,0.009889240506329115
7,1.1641529962247432e-09,0.009889240506329115
8,5.38799689309144e-08,0.009889240506329115
9,1.024452789266661e-08,0.009889240506329115
