epoch,avg_loss,accuracy
0,3.454474925994873,0.009889240506329115
1,0.22724348306655884,0.009889240506329115
2,0.0018933169776573777,0.009889240506329115
3,6.133630085969344e-05,0.009889240506329115
4,1.1402152267692145e-05,0.009889240506329115
5,3.10499331135361e-06,0.009889240506329115
6,1.1632796486082952e-06,0.009889240506329115
7,5.858956910742563e-07,0.009889240506329115
8,8.018920425456599e-07,0.009889240506329115
9,3.3042616109923983e-07,0.009889240506329115
