epoch,avg_loss,accuracy
0,3.1816887855529785,0.009990409207161126
1,0.006024783477187157,0.009990409207161126
2,0.0,0.009990409207161126
3,0.0,0.009990409207161126
4,0.0,0.009990409207161126
