epoch,avg_loss,accuracy
0,4.574630260467529,0.08051658163265306
1,3.9958224296569824,0.07971938775510204
2,2.7982656955718994,0.07971938775510204
3,0.8245298862457275,0.07971938775510204
4,0.018783386796712875,0.07971938775510204
