epoch,avg_loss,accuracy
0,3.0353634357452393,0.009990409207161126
1,0.009004037827253342,0.009990409207161126
2,0.0,0.009990409207161126
3,0.0,0.009990409207161126
4,0.0,0.009990409207161126
