epoch,avg_loss,accuracy
0,4.586681842803955,0.07987882653061225
1,4.067826271057129,0.07971938775510204
2,2.965305805206299,0.07971938775510204
3,0.8511174321174622,0.07971938775510204
4,0.006632899399846792,0.07971938775510204
