epoch,avg_loss,accuracy
0,3.1870858669281006,0.009990409207161126
1,0.008230400271713734,0.009990409207161126
2,0.0,0.009990409207161126
3,0.0,0.009990409207161126
4,0.0,0.009990409207161126
