epoch,avg_loss,accuracy
0,4.618069648742676,0.07987882653061225
1,4.265867233276367,0.07971938775510204
2,3.596130847930908,0.07971938775510204
3,2.485490083694458,0.07971938775510204
4,0.8416398167610168,0.07971938775510204
