epoch,avg_loss,accuracy
0,3.713552236557007,0.009990409207161126
1,0.14534235000610352,0.009990409207161126
2,2.3283062977608182e-10,0.009990409207161126
3,0.0,0.009990409207161126
4,0.0,0.009990409207161126
