epoch,avg_loss,accuracy
0,3.3402698040008545,0.009990409207161126
1,0.16974397003650665,0.009990409207161126
2,4.3190975702600554e-05,0.009990409207161126
3,1.3504132034825034e-08,0.009990409207161126
4,0.0,0.009990409207161126
