epoch,avg_loss,accuracy
0,4.6451263427734375,0.07987882653061225
1,3.977649211883545,0.07971938775510204
2,2.672884941101074,0.07971938775510204
3,0.8207989931106567,0.07971938775510204
4,0.04285459592938423,0.07971938775510204
