epoch,avg_loss,accuracy
0,2.9728400707244873,0.009990409207161126
1,0.00843883864581585,0.009990409207161126
2,0.0,0.009990409207161126
3,0.0,0.009990409207161126
4,0.0,0.009990409207161126
