epoch,avg_loss,accuracy
0,3.411760091781616,0.009990409207161126
1,0.15083777904510498,0.009990409207161126
2,0.00030012946808710694,0.009990409207161126
3,1.1967401292167779e-07,0.009990409207161126
4,0.0,0.009990409207161126
