epoch,avg_loss,accuracy
0,2.7819926738739014,0.009889240506329115
1,0.0328637920320034,0.009889240506329115
2,0.00030458541004918516,0.009889240506329115
3,1.559092015668284e-05,0.009889240506329115
4,7.30664669390535e-06,0.009889240506329115
5,2.809885017995839e-06,0.009889240506329115
6,4.806348670172156e-07,0.009889240506329115
7,2.3271195459528826e-07,0.009889240506329115
8,2.637987392972718e-07,0.009889240506329115
9,5.61258411835297e-06,0.009889240506329115
