epoch,avg_loss,accuracy
0,1.6102505922317505,0.009889240506329115
1,1.3257282489576028e-06,0.009889240506329115
2,0.0,0.009889240506329115
3,0.0,0.009889240506329115
4,0.0,0.009889240506329115
