epoch,avg_loss,accuracy
0,3.02578067779541,0.009889240506329115
1,0.07169878482818604,0.009889240506329115
2,0.0003505094791762531,0.009889240506329115
3,1.1720062502718065e-05,0.009889240506329115
4,3.3455753509770148e-06,0.009889240506329115
5,1.195322965941159e-06,0.009889240506329115
6,7.311430181289325e-07,0.009889240506329115
7,5.754060907747771e-07,0.009889240506329115
8,6.851637124327681e-08,0.009889240506329115
9,1.2939649707277567e-07,0.009889240506329115
