epoch,avg_loss,accuracy
0,4.624435901641846,0.11128826530612244
1,4.113842010498047,0.07971938775510204
2,3.116278886795044,0.07971938775510204
3,1.5054676532745361,0.07971938775510204
4,0.08765018731355667,0.07971938775510204
