epoch,avg_loss,accuracy
0,3.0438523292541504,0.009990409207161126
1,0.013841367326676846,0.009990409207161126
2,0.0,0.009990409207161126
3,0.0,0.009990409207161126
4,0.0,0.009990409207161126
