epoch,avg_loss,accuracy
0,2.4159982204437256,0.009889240506329115
1,0.016678620129823685,0.009889240506329115
2,0.00031246637809090316,0.009889240506329115
3,4.8133984819287434e-05,0.009889240506329115
4,1.40186866701697e-05,0.009889240506329115
5,7.1031895458872896e-06,0.009889240506329115
6,3.1272981004804024e-07,0.009889240506329115
7,1.3527455848816317e-06,0.009889240506329115
8,2.0524332740023965e-06,0.009889240506329115
9,9.365155619889265e-07,0.009889240506329115
