epoch,avg_loss,accuracy
0,3.0768051147460938,0.009990409207161126
1,0.01754762791097164,0.009990409207161126
2,0.0,0.009990409207161126
3,0.0,0.009990409207161126
4,0.0,0.009990409207161126
