epoch,avg_loss,accuracy
0,4.85452127456665,0.10060586734693877
1,4.224079608917236,0.07971938775510204
2,3.0992541313171387,0.07971938775510204
3,1.4524163007736206,0.07971938775510204
4,0.17477557063102722,0.07971938775510204
