epoch,avg_loss,accuracy
0,3.0490975379943848,0.009889240506329115
1,0.07510903477668762,0.009889240506329115
2,0.00026515600620768964,0.009889240506329115
3,5.799007794848876e-06,0.009889240506329115
4,9.945603096639388e-07,0.009889240506329115
5,1.7479904101946886e-07,0.009889240506329115
6,9.57011394575602e-08,0.009889240506329115
7,3.347243477946904e-07,0.009889240506329115
8,8.43239931214157e-08,0.009889240506329115
9,7.405559188100597e-08,0.009889240506329115
