epoch,avg_loss,accuracy
0,4.679555892944336,0.08115433673469388
1,4.040771961212158,0.07971938775510204
2,2.789104700088501,0.07971938775510204
3,0.8511267304420471,0.07971938775510204
4,0.030862633138895035,0.07971938775510204
