round,accuracy
0,0.02076007033248082
11,0.03376758312020461
25,0.04082081202046036
27,0.02611492966751918
32,0.045596227621483375
69,0.036185262148337595
74,0.034926470588235295
