epoch,avg_loss,accuracy
0,2.3080286979675293,0.009889240506329115
1,0.01553663145750761,0.009889240506329115
2,0.00019208368030376732,0.009889240506329115
3,7.242952051456086e-06,0.009889240506329115
4,2.2789821741753258e-05,0.009889240506329115
5,4.2637606156858965e-07,0.009889240506329115
6,4.599902467816719e-07,0.009889240506329115
7,6.0567558080038e-08,0.009889240506329115
8,4.280046539406612e-08,0.009889240506329115
9,3.231290975236334e-05,0.009889240506329115
