epoch,avg_loss,accuracy
0,2.578599691390991,0.009889240506329115
1,0.03356460854411125,0.009889240506329115
2,0.0008093969081528485,0.009889240506329115
3,4.5442757254932076e-05,0.009889240506329115
4,2.4220871637226082e-05,0.009889240506329115
5,7.668804755667225e-06,0.009889240506329115
6,4.737273229693528e-06,0.009889240506329115
7,8.66144364408683e-06,0.009889240506329115
8,5.895624326512916e-06,0.009889240506329115
9,6.470669404734508e-07,0.009889240506329115
