epoch,avg_loss,accuracy
0,3.290297746658325,0.009990409207161126
1,0.0031132609583437443,0.009990409207161126
2,0.0,0.009990409207161126
3,0.0,0.009990409207161126
4,0.0,0.009990409207161126
