epoch,avg_loss,accuracy
0,4.721127510070801,0.0856186224489796
1,4.302896499633789,0.07971938775510204
2,3.507478713989258,0.07971938775510204
3,2.042588472366333,0.07971938775510204
4,0.162183478474617,0.07971938775510204
