epoch,avg_loss,accuracy
0,2.4682154655456543,0.009889240506329115
1,0.01580531895160675,0.009889240506329115
2,9.938006405718625e-05,0.009889240506329115
3,2.420462351437891e-06,0.009889240506329115
4,2.2437995994550874e-06,0.009889240506329115
5,2.930456730609876e-06,0.009889240506329115
6,8.530579407306504e-07,0.009889240506329115
7,2.494010118425649e-07,0.009889240506329115
8,2.4878254407667555e-06,0.009889240506329115
9,2.6525955831857573e-07,0.009889240506329115
