epoch,avg_loss,accuracy
0,1.1401214599609375,0.009889240506329115
1,1.396983417834008e-09,0.009889240506329115
2,0.0,0.009889240506329115
3,0.0,0.009889240506329115
4,0.0,0.009889240506329115
