epoch,avg_loss,accuracy
0,4.657094955444336,0.08067602040816327
1,3.9840219020843506,0.07971938775510204
2,2.698845863342285,0.07971938775510204
3,0.8154327869415283,0.07971938775510204
4,0.04693735018372536,0.07971938775510204
