epoch,avg_loss,accuracy
0,2.8823678493499756,0.009990409207161126
1,0.005114163272082806,0.009990409207161126
2,0.0,0.009990409207161126
3,0.0,0.009990409207161126
4,0.0,0.009990409207161126
