epoch,avg_loss,accuracy
0,4.565680980682373,0.07955994897959184
1,3.9969232082366943,0.07971938775510204
2,2.8866219520568848,0.07971938775510204
3,1.4361097812652588,0.07971938775510204
4,0.3884948194026947,0.07971938775510204
