epoch,avg_loss,accuracy
0,4.56569242477417,0.07971938775510204
1,3.851274251937866,0.07971938775510204
2,2.480090379714966,0.07971938775510204
3,0.6625801920890808,0.07971938775510204
4,0.02132049761712551,0.07971938775510204
