epoch,avg_loss,accuracy
0,2.2953357696533203,0.009889240506329115
1,0.007454307284206152,0.009889240506329115
2,4.420130426296964e-05,0.009889240506329115
3,3.4919960398838157e-06,0.009889240506329115
4,1.6579681982875627e-07,0.009889240506329115
5,1.8120179845482198e-07,0.009889240506329115
6,1.2877934274513336e-08,0.009889240506329115
7,9.546044843489199e-09,0.009889240506329115
8,2.838924295645029e-08,0.009889240506329115
9,8.574587262444311e-09,0.009889240506329115
