epoch,avg_loss,accuracy
0,2.6408379077911377,0.009889240506329115
1,0.0177632886916399,0.009889240506329115
2,4.155555507168174e-05,0.009889240506329115
3,1.1220811302337097e-06,0.009889240506329115
4,1.6790917811704276e-07,0.009889240506329115
5,3.560698758064973e-08,0.009889240506329115
6,1.396982973744798e-08,0.009889240506329115
7,7.105342092472711e-09,0.009889240506329115
8,9.554084190455114e-10,0.009889240506329115
9,4.8894395199283736e-09,0.009889240506329115
