epoch,avg_loss,accuracy
0,4.620610237121582,0.07764668367346939
1,4.244761943817139,0.07971938775510204
2,3.517033100128174,0.07971938775510204
3,2.4081873893737793,0.07971938775510204
4,0.817923903465271,0.07971938775510204
