epoch,avg_loss,accuracy
0,3.6435883045196533,0.009990409207161126
1,0.18622320890426636,0.009990409207161126
2,2.0954755708402217e-09,0.009990409207161126
3,0.0,0.009990409207161126
4,0.0,0.009990409207161126
