epoch,avg_loss,accuracy
0,3.334239959716797,0.009990409207161126
1,0.04029040411114693,0.009990409207161126
2,0.0,0.009990409207161126
3,0.0,0.009990409207161126
4,0.0,0.009990409207161126
