epoch,avg_loss,accuracy
0,4.540469646453857,0.08003826530612244
1,4.056339263916016,0.07971938775510204
2,3.044630527496338,0.07971938775510204
3,1.112393856048584,0.07971938775510204
4,0.006549145560711622,0.07971938775510204
