epoch,avg_loss,accuracy
0,2.7347402572631836,0.009889240506329115
1,0.022259846329689026,0.009889240506329115
2,0.00021512187959160656,0.009889240506329115
3,8.373449963983148e-05,0.009889240506329115
4,7.881789088060032e-07,0.009889240506329115
5,4.659965497921803e-07,0.009889240506329115
6,5.557552412938094e-06,0.009889240506329115
7,8.515239073858538e-07,0.009889240506329115
8,8.528027137799654e-07,0.009889240506329115
9,1.885833711412488e-07,0.009889240506329115
