epoch,avg_loss,accuracy
0,1.545776128768921,0.009889240506329115
1,5.753213372372556e-07,0.009889240506329115
2,0.0,0.009889240506329115
3,0.0,0.009889240506329115
4,0.0,0.009889240506329115
