epoch,avg_loss,accuracy
0,3.5600504875183105,0.009990409207161126
1,0.024756761267781258,0.009990409207161126
2,0.0,0.009990409207161126
3,0.0,0.009990409207161126
4,0.0,0.009990409207161126
