epoch,avg_loss,accuracy
0,4.58721399307251,0.08131377551020408
1,4.187370777130127,0.07971938775510204
2,3.364086866378784,0.07971938775510204
3,1.7569308280944824,0.07971938775510204
4,0.05173813924193382,0.07971938775510204
