epoch,avg_loss,accuracy
0,1.6410133838653564,0.009889240506329115
1,4.773027129090224e-08,0.009889240506329115
2,0.0,0.009889240506329115
3,0.0,0.009889240506329115
4,0.0,0.009889240506329115
