epoch,avg_loss,accuracy
0,3.0033559799194336,0.009889240506329115
1,0.1038789302110672,0.009889240506329115
2,0.0010300824651494622,0.009889240506329115
3,8.542362047592178e-05,0.009889240506329115
4,8.778893970884383e-06,0.009889240506329115
5,2.4663638669153443e-06,0.009889240506329115
6,1.6971861214187811e-06,0.009889240506329115
7,7.449271492987464e-07,0.009889240506329115
8,6.854479579487815e-07,0.009889240506329115
9,7.657517926418222e-07,0.009889240506329115
