epoch,avg_loss,accuracy
0,4.612392902374268,0.08147321428571429
1,4.280444145202637,0.07971938775510204
2,3.6442365646362305,0.07971938775510204
3,2.677039861679077,0.07971938775510204
4,1.3329449892044067,0.07971938775510204
