epoch,avg_loss,accuracy
0,4.596205234527588,0.08514030612244898
1,4.128483772277832,0.07971938775510204
2,3.126913070678711,0.07971938775510204
3,1.0284433364868164,0.07971938775510204
4,0.0025320721324533224,0.07971938775510204
