epoch,avg_loss,accuracy
0,2.40588641166687,0.009889240506329115
1,0.03159961476922035,0.009889240506329115
2,0.001043287105858326,0.009889240506329115
3,0.00012214342132210732,0.009889240506329115
4,2.9573788197012618e-05,0.009889240506329115
5,1.099259861803148e-05,0.009889240506329115
6,6.778493116144091e-06,0.009889240506329115
7,3.900091087416513e-06,0.009889240506329115
8,1.8628402358444873e-06,0.009889240506329115
9,1.3752697896052268e-06,0.009889240506329115
