epoch,avg_loss,accuracy
0,3.1186399459838867,0.009990409207161126
1,0.018176227807998657,0.009990409207161126
2,6.658875406628795e-08,0.009990409207161126
3,0.0,0.009990409207161126
4,0.0,0.009990409207161126
