round,accuracy
0,0.021998881074168797
1,0.023277653452685423
16,0.03292838874680307
39,0.03330802429667519
44,0.03752397698209719
62,0.03832320971867008
