epoch,avg_loss,accuracy
0,3.4435763359069824,0.009990409207161126
1,0.010496609844267368,0.009990409207161126
2,0.0,0.009990409207161126
3,0.0,0.009990409207161126
4,0.0,0.009990409207161126
