epoch,avg_loss,accuracy
0,4.534449577331543,0.08816964285714286
1,3.926276445388794,0.07971938775510204
2,2.790985107421875,0.07971938775510204
3,1.3165463209152222,0.07971938775510204
4,0.3249775469303131,0.07971938775510204
