epoch,avg_loss,accuracy
0,2.1827659606933594,0.009889240506329115
1,0.006974250543862581,0.009889240506329115
2,2.9888742574257776e-05,0.009889240506329115
3,8.829538273857906e-07,0.009889240506329115
4,3.4327999287597777e-07,0.009889240506329115
5,3.213050803196893e-08,0.009889240506329115
6,4.201377379331461e-08,0.009889240506329115
7,6.7520851132485404e-09,0.009889240506329115
8,2.211887029091031e-08,0.009889240506329115
9,1.3736990212009914e-08,0.009889240506329115
