epoch,avg_loss,accuracy
0,3.7807774543762207,0.009990409207161126
1,0.3752690851688385,0.009990409207161126
2,1.2982574162379024e-06,0.009990409207161126
3,0.0,0.009990409207161126
4,0.0,0.009990409207161126
