epoch,avg_loss,accuracy
0,4.559516906738281,0.07971938775510204
1,4.276858806610107,0.07971938775510204
2,3.7204792499542236,0.07971938775510204
3,2.8570454120635986,0.07971938775510204
4,1.5180001258850098,0.07971938775510204
