epoch,avg_loss,accuracy
0,4.033862590789795,0.009990409207161126
1,0.6155634522438049,0.009990409207161126
2,2.781369857984828e-06,0.009990409207161126
3,0.0,0.009990409207161126
4,0.0,0.009990409207161126
