epoch,avg_loss,accuracy
0,4.49847412109375,0.08067602040816327
1,4.158069133758545,0.07971938775510204
2,3.4830172061920166,0.07971938775510204
3,2.408085823059082,0.07971938775510204
4,0.8581443428993225,0.07971938775510204
