epoch,avg_loss,accuracy
0,2.4093005657196045,0.009889240506329115
1,0.033786408603191376,0.009889240506329115
2,0.001044279197230935,0.009889240506329115
3,9.669518476584926e-05,0.009889240506329115
4,1.1571268260013312e-05,0.009889240506329115
5,1.0068593837786466e-05,0.009889240506329115
6,2.765608314803103e-06,0.009889240506329115
7,5.387312739912886e-06,0.009889240506329115
8,8.602950401837006e-06,0.009889240506329115
9,4.18968784288154e-06,0.009889240506329115
