epoch,avg_loss,accuracy
0,4.662103176116943,0.07971938775510204
1,4.031918048858643,0.07971938775510204
2,2.802619457244873,0.07971938775510204
3,1.0164573192596436,0.07971938775510204
4,0.06257573515176773,0.07971938775510204
