epoch,avg_loss,accuracy
0,3.3978371620178223,0.009990409207161126
1,0.1587636023759842,0.009990409207161126
2,5.142181908013299e-05,0.009990409207161126
3,2.9802169621007124e-08,0.009990409207161126
4,0.0,0.009990409207161126
