epoch,avg_loss,accuracy
0,2.707225799560547,0.009889240506329115
1,0.037381548434495926,0.009889240506329115
2,0.00038049209979362786,0.009889240506329115
3,4.36694645031821e-05,0.009889240506329115
4,1.694352613412775e-05,0.009889240506329115
5,7.05434285919182e-06,0.009889240506329115
6,9.77333911578171e-07,0.009889240506329115
7,1.0047507430499536e-06,0.009889240506329115
8,1.8667078620637767e-06,0.009889240506329115
9,2.315371148142731e-06,0.009889240506329115
