epoch,avg_loss,accuracy
0,1.6531968116760254,0.009889240506329115
1,1.0083775805469486e-06,0.009889240506329115
2,0.0,0.009889240506329115
3,0.0,0.009889240506329115
4,0.0,0.009889240506329115
