epoch,avg_loss,accuracy
0,3.1607284545898438,0.009990409207161126
1,0.02525731548666954,0.009990409207161126
2,0.0,0.009990409207161126
3,0.0,0.009990409207161126
4,0.0,0.009990409207161126
