epoch,avg_loss,accuracy
0,2.291034460067749,0.009889240506329115
1,0.00857141986489296,0.009889240506329115
2,3.435134203755297e-05,0.009889240506329115
3,1.5084497135831043e-06,0.009889240506329115
4,1.65998869761097e-07,0.009889240506329115
5,5.926721158289183e-08,0.009889240506329115
6,2.6381997031421633e-08,0.009889240506329115
7,3.84169034362003e-08,0.009889240506329115
8,2.264076481850452e-09,0.009889240506329115
9,1.750243949771857e-09,0.009889240506329115
