epoch,avg_loss,accuracy
0,4.831686973571777,0.0664859693877551
1,4.31201696395874,0.07971938775510204
2,3.362834930419922,0.07971938775510204
3,1.9587770700454712,0.07971938775510204
4,0.4407012462615967,0.07971938775510204
