epoch,avg_loss,accuracy
0,3.730252265930176,0.009990409207161126
1,0.1386566311120987,0.009990409207161126
2,2.3283062144940914e-09,0.009990409207161126
3,0.0,0.009990409207161126
4,0.0,0.009990409207161126
