epoch,avg_loss,accuracy
0,2.323045253753662,0.009889240506329115
1,0.012964972294867039,0.009889240506329115
2,2.636244971654378e-05,0.009889240506329115
3,2.6563500341580948e-06,0.009889240506329115
4,4.199027046070114e-07,0.009889240506329115
5,7.432090853853879e-08,0.009889240506329115
6,2.395744758132423e-08,0.009889240506329115
7,1.4987590191140043e-07,0.009889240506329115
8,1.791188353195139e-08,0.009889240506329115
9,4.125908148466806e-08,0.009889240506329115
