epoch,avg_loss,accuracy
0,3.090988874435425,0.009990409207161126
1,0.007796002551913261,0.009990409207161126
2,0.0,0.009990409207161126
3,0.0,0.009990409207161126
4,0.0,0.009990409207161126
