epoch,avg_loss,accuracy
0,4.531223773956299,0.07971938775510204
1,3.7587242126464844,0.07971938775510204
2,2.1821627616882324,0.07971938775510204
3,0.35313957929611206,0.07971938775510204
4,0.0074194325134158134,0.07971938775510204
