epoch,avg_loss,accuracy
0,4.6911187171936035,0.0856186224489796
1,4.157407760620117,0.07971938775510204
2,3.142827033996582,0.07971938775510204
3,1.7622424364089966,0.07971938775510204
4,0.5438695549964905,0.07971938775510204
