epoch,avg_loss,accuracy
0,3.775454521179199,0.009990409207161126
1,0.2409208118915558,0.009990409207161126
2,4.6566125955216364e-10,0.009990409207161126
3,0.0,0.009990409207161126
4,0.0,0.009990409207161126
