epoch,avg_loss,accuracy
0,4.589226245880127,0.07971938775510204
1,4.24253511428833,0.07971938775510204
2,3.5760695934295654,0.07971938775510204
3,2.5301012992858887,0.07971938775510204
4,0.9706966876983643,0.07971938775510204
