epoch,avg_loss,accuracy
0,3.2818591594696045,0.009889240506329115
1,0.1446891874074936,0.009889240506329115
2,0.0007325937040150166,0.009889240506329115
3,2.5790330255404115e-05,0.009889240506329115
4,1.7230975117854541e-06,0.009889240506329115
5,3.763731228900724e-07,0.009889240506329115
6,1.987549609339112e-07,0.009889240506329115
7,8.149864072493074e-08,0.009889240506329115
8,4.392466834701736e-08,0.009889240506329115
9,1.0755142199059264e-07,0.009889240506329115
