epoch,avg_loss,accuracy
0,3.7203550338745117,0.009990409207161126
1,0.253927618265152,0.009990409207161126
2,1.1698884918587282e-06,0.009990409207161126
3,0.0,0.009990409207161126
4,0.0,0.009990409207161126
