epoch,avg_loss,accuracy
0,4.682096004486084,0.07158801020408163
1,4.340243816375732,0.07971938775510204
2,3.7294604778289795,0.07971938775510204
3,2.821993827819824,0.07971938775510204
4,1.5513473749160767,0.07971938775510204
