epoch,avg_loss,accuracy
0,3.298405885696411,0.009889240506329115
1,0.18018634617328644,0.009889240506329115
2,0.002078744350001216,0.009889240506329115
3,0.00012643614900298417,0.009889240506329115
4,1.3806065908283927e-05,0.009889240506329115
5,4.646396973839728e-06,0.009889240506329115
6,2.7840330858452944e-06,0.009889240506329115
7,1.5486893971683457e-06,0.009889240506329115
8,1.3168371424399083e-06,0.009889240506329115
9,1.2458336868803599e-06,0.009889240506329115
