epoch,avg_loss,accuracy
0,4.590846061706543,0.07971938775510204
1,4.03862190246582,0.07971938775510204
2,2.967372179031372,0.07971938775510204
3,1.3340893983840942,0.07971938775510204
4,0.17303717136383057,0.07971938775510204
