epoch,avg_loss,accuracy
0,4.64988899230957,0.08003826530612244
1,4.0073723793029785,0.07971938775510204
2,2.7438037395477295,0.07971938775510204
3,0.9475547671318054,0.07971938775510204
4,0.0630313977599144,0.07971938775510204
