epoch,avg_loss,accuracy
0,4.606015682220459,0.07971938775510204
1,4.067888259887695,0.07971938775510204
2,2.848266363143921,0.07971938775510204
3,0.6736942529678345,0.07971938775510204
4,0.001880507916212082,0.07971938775510204
