epoch,avg_loss,accuracy
0,3.0236258506774902,0.009990409207161126
1,0.0006816614768467844,0.009990409207161126
2,0.0,0.009990409207161126
3,0.0,0.009990409207161126
4,0.0,0.009990409207161126
