epoch,avg_loss,accuracy
0,3.233175039291382,0.009889240506329115
1,0.12311209738254547,0.009889240506329115
2,0.000528863980434835,0.009889240506329115
3,2.763403426797595e-05,0.009889240506329115
4,3.7116794828762067e-06,0.009889240506329115
5,8.720393225303269e-07,0.009889240506329115
6,3.09888378069445e-07,0.009889240506329115
7,3.76410866920196e-07,0.009889240506329115
8,3.7027365351605113e-07,0.009889240506329115
9,1.5133151975987857e-07,0.009889240506329115
