epoch,avg_loss,accuracy
0,2.589033365249634,0.009889240506329115
1,0.014655780978500843,0.009889240506329115
2,0.0001430226257070899,0.009889240506329115
3,2.160243639082182e-06,0.009889240506329115
4,6.716568350384478e-07,0.009889240506329115
5,6.888550529993154e-08,0.009889240506329115
6,3.474790943869266e-08,0.009889240506329115
7,1.8425717840386824e-08,0.009889240506329115
8,2.960148393071904e-08,0.009889240506329115
9,7.314085781473523e-09,0.009889240506329115
