epoch,avg_loss,accuracy
0,2.286210060119629,0.009889240506329115
1,0.012727445922791958,0.009889240506329115
2,5.8186473324894905e-05,0.009889240506329115
3,2.7050728022004478e-06,0.009889240506329115
4,2.1901263380641467e-07,0.009889240506329115
5,1.561717652975858e-07,0.009889240506329115
6,5.9010268671499944e-08,0.009889240506329115
7,4.638932082912106e-08,0.009889240506329115
8,3.8842415506223915e-08,0.009889240506329115
9,1.0244536774450808e-08,0.009889240506329115
