epoch,avg_loss,accuracy
0,2.284536123275757,0.009889240506329115
1,0.009303875267505646,0.009889240506329115
2,0.00010509599815122783,0.009889240506329115
3,0.0001251656940439716,0.009889240506329115
4,5.318875992088579e-06,0.009889240506329115
5,1.6411967180829379e-06,0.009889240506329115
6,4.523805898770661e-07,0.009889240506329115
7,1.1490426004456822e-05,0.009889240506329115
8,1.3253024917503353e-06,0.009889240506329115
9,4.058564172737533e-06,0.009889240506329115
