epoch,avg_loss,accuracy
0,2.224696636199951,0.009889240506329115
1,0.024601776152849197,0.009889240506329115
2,0.00044315936975181103,0.009889240506329115
3,0.00016955065075308084,0.009889240506329115
4,7.985596312209964e-06,0.009889240506329115
5,3.3191727197845466e-06,0.009889240506329115
6,1.8884315068135038e-05,0.009889240506329115
7,5.0551302592793945e-06,0.009889240506329115
8,6.682945240754634e-06,0.009889240506329115
9,1.7413610748917563e-06,0.009889240506329115
