epoch,avg_loss,accuracy
0,2.7538976669311523,0.009889240506329115
1,0.02146703004837036,0.009889240506329115
2,5.477721060742624e-05,0.009889240506329115
3,1.3272033356770407e-06,0.009889240506329115
4,1.2266131932392454e-07,0.009889240506329115
5,8.21567027742276e-08,0.009889240506329115
6,1.661125104135408e-08,0.009889240506329115
7,5.868935559760757e-09,0.009889240506329115
8,2.7241121358656528e-08,0.009889240506329115
9,1.0276651529750325e-08,0.009889240506329115
