epoch,avg_loss,accuracy
0,4.629734516143799,0.08099489795918367
1,4.033878326416016,0.07971938775510204
2,2.927365303039551,0.07971938775510204
3,1.457680344581604,0.07971938775510204
4,0.3834356963634491,0.07971938775510204
