epoch,avg_loss,accuracy
0,2.5211353302001953,0.009889240506329115
1,0.02258380316197872,0.009889240506329115
2,5.396267442847602e-05,0.009889240506329115
3,3.845286300929729e-06,0.009889240506329115
4,4.991179025637393e-07,0.009889240506329115
5,1.0988777177090014e-07,0.009889240506329115
6,8.841915644097753e-08,0.009889240506329115
7,8.47178327489928e-08,0.009889240506329115
8,7.964407799931905e-09,0.009889240506329115
9,4.322602009665388e-08,0.009889240506329115
