round,accuracy
0,0.15726902173913043
11,0.15397218670076726
21,0.16330322890025575
