round,accuracy
0,0.16510150255754474
10,0.16975703324808183
15,0.17019661125319693
17,0.17157528772378516
38,0.16236413043478262
52,0.15235374040920716
