epoch,avg_loss,accuracy
0,3.2415995597839355,0.009889240506329115
1,0.16173593699932098,0.009889240506329115
2,0.0016696726670488715,0.009889240506329115
3,0.00011094364163000137,0.009889240506329115
4,3.592864595702849e-05,0.009889240506329115
5,9.132193554250989e-06,0.009889240506329115
6,3.2784400900709443e-06,0.009889240506329115
7,2.2235708456719294e-06,0.009889240506329115
8,1.919648639159277e-06,0.009889240506329115
9,1.831218128245382e-06,0.009889240506329115
