round,accuracy
0,0.1698968989769821
10,0.18140585038363172
16,0.17916799872122763
22,0.17695012787723785
25,0.17433264066496162
43,0.16967710997442456
57,0.16228420716112532
58,0.16168478260869565
