epoch,avg_loss,accuracy
0,2.2122232913970947,0.009889240506329115
1,0.025722984224557877,0.009889240506329115
2,0.0005677576991729438,0.009889240506329115
3,0.00020296132424846292,0.009889240506329115
4,1.7909262169268914e-05,0.009889240506329115
5,2.0500485334196128e-05,0.009889240506329115
6,6.087564543122426e-06,0.009889240506329115
7,1.57065778694232e-06,0.009889240506329115
8,3.00197984870465e-06,0.009889240506329115
9,1.8522092432249337e-05,0.009889240506329115
