epoch,avg_loss,accuracy
0,4.449886322021484,0.07971938775510204
1,3.795729160308838,0.07971938775510204
2,2.5491933822631836,0.07971938775510204
3,0.778049647808075,0.07971938775510204
4,0.039633214473724365,0.07971938775510204
