epoch,avg_loss,accuracy
0,2.956324815750122,0.009990409207161126
1,0.008066889829933643,0.009990409207161126
2,0.0,0.009990409207161126
3,0.0,0.009990409207161126
4,0.0,0.009990409207161126
