epoch,avg_loss,accuracy
0,3.232667922973633,0.009990409207161126
1,0.04596611484885216,0.009990409207161126
2,1.0011695472655902e-08,0.009990409207161126
3,0.0,0.009990409207161126
4,0.0,0.009990409207161126
