epoch,avg_loss,accuracy
0,4.45254373550415,0.07971938775510204
1,3.736377716064453,0.07971938775510204
2,2.285108804702759,0.07971938775510204
3,0.3799128234386444,0.07971938775510204
4,0.008727580308914185,0.07971938775510204
