epoch,avg_loss,accuracy
0,3.017638921737671,0.009990409207161126
1,0.00039828484295867383,0.009990409207161126
2,0.0,0.009990409207161126
3,0.0,0.009990409207161126
4,0.0,0.009990409207161126
