epoch,avg_loss,accuracy
0,2.7611923217773438,0.009990409207161126
1,0.0024431925266981125,0.009990409207161126
2,0.0,0.009990409207161126
3,0.0,0.009990409207161126
4,0.0,0.009990409207161126
