epoch,avg_loss,accuracy
0,2.635913848876953,0.009990409207161126
1,0.001153022749349475,0.009990409207161126
2,0.0,0.009990409207161126
3,0.0,0.009990409207161126
4,0.0,0.009990409207161126
