epoch,avg_loss,accuracy
0,4.559238433837891,0.07971938775510204
1,3.8292834758758545,0.07971938775510204
2,2.439295768737793,0.07971938775510204
3,0.553299605846405,0.07971938775510204
4,0.017301207408308983,0.07971938775510204
