epoch,avg_loss,accuracy
0,3.0152854919433594,0.009889240506329115
1,0.050601501017808914,0.009889240506329115
2,0.0002942084684036672,0.009889240506329115
3,1.8666514733922668e-05,0.009889240506329115
4,2.390546796959825e-06,0.009889240506329115
5,1.5298260223062243e-06,0.009889240506329115
6,6.007348929415457e-07,0.009889240506329115
7,2.7570038696467236e-07,0.009889240506329115
8,1.2792790471394255e-07,0.009889240506329115
9,2.5303791062469827e-07,0.009889240506329115
