epoch,avg_loss,accuracy
0,2.3636317253112793,0.009889240506329115
1,0.02633972279727459,0.009889240506329115
2,0.000829518074169755,0.009889240506329115
3,8.165754115907475e-05,0.009889240506329115
4,3.0894279916537926e-05,0.009889240506329115
5,1.2011293620162178e-05,0.009889240506329115
6,7.046645350783365e-06,0.009889240506329115
7,1.4091704542806838e-05,0.009889240506329115
8,4.209116013953462e-06,0.009889240506329115
9,2.0759609924425604e-06,0.009889240506329115
