epoch,avg_loss,accuracy
0,4.562333583831787,0.08322704081632654
1,4.002740859985352,0.07971938775510204
2,2.866594076156616,0.07971938775510204
3,0.7325828075408936,0.07971938775510204
4,0.004305142909288406,0.07971938775510204
