epoch,avg_loss,accuracy
0,3.0987048149108887,0.009990409207161126
1,0.0006739657837897539,0.009990409207161126
2,0.0,0.009990409207161126
3,0.0,0.009990409207161126
4,0.0,0.009990409207161126
