epoch,avg_loss,accuracy
0,2.2957890033721924,0.009889240506329115
1,0.0199377853423357,0.009889240506329115
2,0.00026495702331885695,0.009889240506329115
3,7.544046820839867e-05,0.009889240506329115
4,1.3822363143844996e-05,0.009889240506329115
5,6.13582378719002e-05,0.009889240506329115
6,2.4304997623403324e-06,0.009889240506329115
7,3.0868429803376785e-06,0.009889240506329115
8,1.4939555512683e-06,0.009889240506329115
9,3.834894414467271e-06,0.009889240506329115
