epoch,avg_loss,accuracy
0,4.45969295501709,0.07971938775510204
1,4.018596649169922,0.07971938775510204
2,3.0696535110473633,0.07971938775510204
3,1.1438792943954468,0.07971938775510204
4,0.008448096923530102,0.07971938775510204
