epoch,avg_loss,accuracy
0,3.250403642654419,0.009990409207161126
1,0.002632759278640151,0.009990409207161126
2,0.0,0.009990409207161126
3,0.0,0.009990409207161126
4,0.0,0.009990409207161126
