epoch,avg_loss,accuracy
0,2.5540823936462402,0.009889240506329115
1,0.020437907427549362,0.009889240506329115
2,0.0006280796369537711,0.009889240506329115
3,6.528878293465823e-05,0.009889240506329115
4,4.911409632768482e-06,0.009889240506329115
5,1.5007946103651193e-06,0.009889240506329115
6,1.098547613764822e-06,0.009889240506329115
7,3.6138558812126576e-07,0.009889240506329115
8,7.076225756463828e-07,0.009889240506329115
9,4.231238563079387e-06,0.009889240506329115
