epoch,avg_loss,accuracy
0,4.579743385314941,0.06584821428571429
1,4.022593021392822,0.07971938775510204
2,2.9862632751464844,0.07971938775510204
3,1.6262317895889282,0.07971938775510204
4,0.4918063282966614,0.07971938775510204
