epoch,avg_loss,accuracy
0,2.3634402751922607,0.009790348101265823
1,0.016643013805150986,0.009790348101265823
2,0.0003270677989348769,0.009790348101265823
3,1.4438270227401517e-05,0.009790348101265823
4,1.9887804228346795e-05,0.009790348101265823
5,1.6219833923969418e-05,0.009790348101265823
6,1.057753138411499e-06,0.009790348101265823
7,3.009822876265389e-06,0.009790348101265823
8,6.521407271975477e-07,0.009790348101265823
9,5.423553375294432e-07,0.009790348101265823
