epoch,avg_loss,accuracy
0,1.114090085029602,0.009790348101265823
1,0.0,0.009790348101265823
2,0.0,0.009790348101265823
3,0.0,0.009790348101265823
4,0.0,0.009790348101265823
