epoch,avg_loss,accuracy
0,4.587793350219727,0.08641581632653061
1,4.026789665222168,0.07971938775510204
2,2.9788761138916016,0.07971938775510204
3,1.5923510789871216,0.07971938775510204
4,0.47165465354919434,0.07971938775510204
