epoch,avg_loss,accuracy
0,3.3545172214508057,0.009990409207161126
1,0.13740763068199158,0.009990409207161126
2,5.8981982874684036e-05,0.009990409207161126
3,4.190950253502024e-09,0.009990409207161126
4,0.0,0.009990409207161126
