epoch,avg_loss,accuracy
0,2.582120180130005,0.009889240506329115
1,0.0133163221180439,0.009889240506329115
2,2.3954939024406485e-05,0.009889240506329115
3,5.491404522217636e-07,0.009889240506329115
4,1.0806486017145289e-07,0.009889240506329115
5,3.2724720711030386e-08,0.009889240506329115
6,1.886730771616385e-09,0.009889240506329115
7,7.225777753916418e-10,0.009889240506329115
8,2.3283062977608182e-10,0.009889240506329115
9,2.3283062977608182e-10,0.009889240506329115
