epoch,avg_loss,accuracy
0,4.482711315155029,0.08434311224489796
1,3.524240016937256,0.07971938775510204
2,1.4721578359603882,0.07971938775510204
3,0.0377972275018692,0.07971938775510204
4,0.00020861663506366313,0.07971938775510204
