epoch,avg_loss,accuracy
0,1.4796589612960815,0.009889240506329115
1,9.171080819214694e-07,0.009889240506329115
2,0.0,0.009889240506329115
3,0.0,0.009889240506329115
4,0.0,0.009889240506329115
