epoch,avg_loss,accuracy
0,2.3351290225982666,0.009889240506329115
1,0.011352880857884884,0.009889240506329115
2,0.00034277542727068067,0.009889240506329115
3,6.801431936764857e-06,0.009889240506329115
4,1.1161097972944845e-05,0.009889240506329115
5,2.9731336326221935e-07,0.009889240506329115
6,1.1105643125119968e-06,0.009889240506329115
7,1.1444467418186832e-06,0.009889240506329115
8,1.4828078747086693e-06,0.009889240506329115
9,2.170719142213784e-07,0.009889240506329115
