epoch,avg_loss,accuracy
0,2.013390064239502,0.009889240506329115
1,0.0024903544690459967,0.009889240506329115
2,2.4248478439403698e-05,0.009889240506329115
3,4.4096972828810976e-07,0.009889240506329115
4,3.428099262237083e-07,0.009889240506329115
5,1.7137548979917483e-07,0.009889240506329115
6,2.146582573914202e-07,0.009889240506329115
7,9.313216864370588e-09,0.009889240506329115
8,1.722941433968117e-08,0.009889240506329115
9,1.9348975754951425e-08,0.009889240506329115
