epoch,avg_loss,accuracy
0,3.14416766166687,0.009990409207161126
1,0.02057441882789135,0.009990409207161126
2,0.0,0.009990409207161126
3,0.0,0.009990409207161126
4,0.0,0.009990409207161126
