epoch,avg_loss,accuracy
0,3.1241464614868164,0.009889240506329115
1,0.09276290237903595,0.009889240506329115
2,0.0003746522997971624,0.009889240506329115
3,1.8117449144483544e-05,0.009889240506329115
4,2.0442398636077996e-06,0.009889240506329115
5,5.363953050618875e-07,0.009889240506329115
6,2.2569240343273123e-07,0.009889240506329115
7,1.100722073488214e-07,0.009889240506329115
8,8.746386015445751e-08,0.009889240506329115
9,1.5699779964961635e-07,0.009889240506329115
