epoch,avg_loss,accuracy
0,4.5554938316345215,0.09072066326530612
1,3.9386892318725586,0.07971938775510204
2,2.7658886909484863,0.07971938775510204
3,1.2521687746047974,0.07971938775510204
4,0.32316911220550537,0.07971938775510204
