epoch,avg_loss,accuracy
0,2.4698143005371094,0.009889240506329115
1,0.014544307254254818,0.009889240506329115
2,0.0005045700818300247,0.009889240506329115
3,0.00011491592158563435,0.009889240506329115
4,7.01765893609263e-05,0.009889240506329115
5,8.674596188029682e-07,0.009889240506329115
6,8.378532356800861e-07,0.009889240506329115
7,2.6319587050238624e-05,0.009889240506329115
8,3.896048838214483e-06,0.009889240506329115
9,8.708981908966962e-07,0.009889240506329115
