epoch,avg_loss,accuracy
0,4.7103681564331055,0.07748724489795919
1,4.175302505493164,0.07971938775510204
2,3.16670823097229,0.07971938775510204
3,1.6654536724090576,0.07971938775510204
4,0.2667260766029358,0.07971938775510204
