epoch,avg_loss,accuracy
0,3.287710428237915,0.009990409207161126
1,0.020444946363568306,0.009990409207161126
2,0.0,0.009990409207161126
3,0.0,0.009990409207161126
4,0.0,0.009990409207161126
