epoch,avg_loss,accuracy
0,3.5592031478881836,0.009990409207161126
1,0.01338875386863947,0.009990409207161126
2,0.0,0.009990409207161126
3,0.0,0.009990409207161126
4,0.0,0.009990409207161126
