epoch,avg_loss,accuracy
0,1.9216582775115967,0.009889240506329115
1,0.0030997595749795437,0.009889240506329115
2,9.444659372093156e-05,0.009889240506329115
3,9.45654210227076e-06,0.009889240506329115
4,1.5206897785446927e-07,0.009889240506329115
5,1.9277267426787148e-07,0.009889240506329115
6,9.532279676705002e-08,0.009889240506329115
7,3.6048440961167216e-06,0.009889240506329115
8,3.1724051950732246e-05,0.009889240506329115
9,3.799433159201726e-07,0.009889240506329115
