epoch,avg_loss,accuracy
0,3.7721118927001953,0.009990409207161126
1,0.35789549350738525,0.009990409207161126
2,1.5340730215029907e-06,0.009990409207161126
3,0.0,0.009990409207161126
4,0.0,0.009990409207161126
