epoch,avg_loss,accuracy
0,2.7377426624298096,0.009990409207161126
1,0.004616813268512487,0.009990409207161126
2,0.0,0.009990409207161126
3,0.0,0.009990409207161126
4,0.0,0.009990409207161126
