round,accuracy
0,0.031549712276214836
3,0.03244884910485934
4,0.03810342071611253
6,0.030550671355498722
25,0.04173992966751918
29,0.03488650895140665
39,0.03930226982097187
46,0.0370843989769821
70,0.03608535805626598
