epoch,avg_loss,accuracy
0,3.1028342247009277,0.009889240506329115
1,0.07822032272815704,0.009889240506329115
2,0.0003089832025580108,0.009889240506329115
3,8.256580258603208e-06,0.009889240506329115
4,1.2948554513059207e-06,0.009889240506329115
5,2.285909204147174e-07,0.009889240506329115
6,1.1106799746585239e-07,0.009889240506329115
7,1.172738279819896e-07,0.009889240506329115
8,1.2209062560941675e-07,0.009889240506329115
9,2.21510063624919e-08,0.009889240506329115
