epoch,avg_loss,accuracy
0,2.9908392429351807,0.009889240506329115
1,0.09477941691875458,0.009889240506329115
2,0.0007653614738956094,0.009889240506329115
3,6.33906529401429e-05,0.009889240506329115
4,2.3541228074464016e-05,0.009889240506329115
5,3.7318916383810574e-06,0.009889240506329115
6,4.397143584355945e-06,0.009889240506329115
7,1.9471431187412236e-06,0.009889240506329115
8,1.3259060551717994e-06,0.009889240506329115
9,1.028009137371555e-06,0.009889240506329115
