epoch,avg_loss,accuracy
0,2.782041072845459,0.009889240506329115
1,0.03625916317105293,0.009889240506329115
2,0.000438021234003827,0.009889240506329115
3,6.326600851025432e-05,0.009889240506329115
4,5.605922979157185e-06,0.009889240506329115
5,1.3468952602124773e-06,0.009889240506329115
6,1.0568631978458143e-06,0.009889240506329115
7,5.605083401860611e-07,0.009889240506329115
8,4.975275373908516e-07,0.009889240506329115
9,1.8953085145767545e-07,0.009889240506329115
