epoch,avg_loss,accuracy
0,2.375831365585327,0.009889240506329115
1,0.020845098420977592,0.009889240506329115
2,0.0008811579318717122,0.009889240506329115
3,0.00036743871169164777,0.009889240506329115
4,1.6821009921841323e-05,0.009889240506329115
5,5.7455990827293135e-06,0.009889240506329115
6,3.832392849290045e-06,0.009889240506329115
7,7.71740269556176e-06,0.009889240506329115
8,1.339638401987031e-06,0.009889240506329115
9,4.596715371008031e-06,0.009889240506329115
