epoch,avg_loss,accuracy
0,2.3384649753570557,0.009889240506329115
1,0.021268296986818314,0.009889240506329115
2,0.0003484701446723193,0.009889240506329115
3,9.986340046452824e-06,0.009889240506329115
4,1.4036322681931779e-05,0.009889240506329115
5,5.934085720582516e-07,0.009889240506329115
6,5.689542490472377e-07,0.009889240506329115
7,1.780373850124306e-06,0.009889240506329115
8,2.3826615347388724e-07,0.009889240506329115
9,5.942252755630761e-06,0.009889240506329115
