epoch,avg_loss,accuracy
0,3.6168951988220215,0.009990409207161126
1,0.2282199114561081,0.009990409207161126
2,2.1117577375662222e-07,0.009990409207161126
3,0.0,0.009990409207161126
4,0.0,0.009990409207161126
