epoch,avg_loss,accuracy
0,4.5988311767578125,0.08482142857142858
1,4.246761798858643,0.07971938775510204
2,3.563995361328125,0.07971938775510204
3,2.4844934940338135,0.07971938775510204
4,0.9564780592918396,0.07971938775510204
