epoch,avg_loss,accuracy
0,4.589072227478027,0.08785076530612244
1,4.217353343963623,0.07971938775510204
2,3.4693009853363037,0.07971938775510204
3,2.2184383869171143,0.07971938775510204
4,0.4474910795688629,0.07971938775510204
