epoch,avg_loss,accuracy
0,3.640136480331421,0.009990409207161126
1,0.11281051486730576,0.009990409207161126
2,3.7252894102834944e-09,0.009990409207161126
3,0.0,0.009990409207161126
4,0.0,0.009990409207161126
