epoch,avg_loss,accuracy
0,2.533097982406616,0.009889240506329115
1,0.010729321278631687,0.009889240506329115
2,0.0009423682931810617,0.009889240506329115
3,1.5678602721891366e-05,0.009889240506329115
4,4.291509321774356e-05,0.009889240506329115
5,3.2967825973173603e-05,0.009889240506329115
6,1.660886118770577e-05,0.009889240506329115
7,2.577238319645403e-06,0.009889240506329115
8,1.1071802873630077e-05,0.009889240506329115
9,7.956787158036605e-06,0.009889240506329115
