epoch,avg_loss,accuracy
0,4.4828996658325195,0.07971938775510204
1,3.889303684234619,0.07971938775510204
2,2.569459915161133,0.07971938775510204
3,0.41124072670936584,0.07971938775510204
4,0.001311182975769043,0.07971938775510204
