epoch,avg_loss,accuracy
0,2.527179002761841,0.009889240506329115
1,0.019022664055228233,0.009889240506329115
2,9.173472062684596e-05,0.009889240506329115
3,2.1027894945291337e-06,0.009889240506329115
4,2.711651347908628e-07,0.009889240506329115
5,2.651354691352026e-07,0.009889240506329115
6,3.7501745708823364e-08,0.009889240506329115
7,1.950155947838539e-08,0.009889240506329115
8,5.083725795884675e-08,0.009889240506329115
9,1.0389058502369153e-08,0.009889240506329115
