epoch,avg_loss,accuracy
0,3.3190810680389404,0.009889240506329115
1,0.2145063877105713,0.009889240506329115
2,0.0018544779159128666,0.009889240506329115
3,9.261526429327205e-05,0.009889240506329115
4,1.168425296782516e-05,0.009889240506329115
5,3.696599833347136e-06,0.009889240506329115
6,1.891313559099217e-06,0.009889240506329115
7,9.990759508582414e-07,0.009889240506329115
8,1.3051339919911698e-06,0.009889240506329115
9,7.504223731302773e-07,0.009889240506329115
