epoch,avg_loss,accuracy
0,4.665901184082031,0.08035714285714286
1,4.167504787445068,0.07971938775510204
2,3.1274678707122803,0.07971938775510204
3,1.175154447555542,0.07971938775510204
4,0.012188971973955631,0.07971938775510204
