epoch,avg_loss,accuracy
0,2.4051945209503174,0.009889240506329115
1,0.012718199752271175,0.009889240506329115
2,0.0001006195816444233,0.009889240506329115
3,1.1205563168914523e-05,0.009889240506329115
4,1.531511043140199e-05,0.009889240506329115
5,4.795143104274757e-05,0.009889240506329115
6,2.9672997698071413e-05,0.009889240506329115
7,2.3379067215500982e-07,0.009889240506329115
8,7.445965479746519e-07,0.009889240506329115
9,3.0067851639614673e-06,0.009889240506329115
