epoch,avg_loss,accuracy
0,3.208016872406006,0.009990409207161126
1,0.0035391682758927345,0.009990409207161126
2,0.0,0.009990409207161126
3,0.0,0.009990409207161126
4,0.0,0.009990409207161126
