epoch,avg_loss,accuracy
0,2.658041477203369,0.009889240506329115
1,0.02394431084394455,0.009889240506329115
2,0.0004985149134881794,0.009889240506329115
3,7.374442066065967e-05,0.009889240506329115
4,1.6993857570923865e-05,0.009889240506329115
5,5.282282472762745e-06,0.009889240506329115
6,3.6045921660843305e-06,0.009889240506329115
7,2.7575335934670875e-06,0.009889240506329115
8,1.3976123227621429e-06,0.009889240506329115
9,3.9986761635191215e-07,0.009889240506329115
