epoch,avg_loss,accuracy
0,1.296724557876587,0.009889240506329115
1,3.969758495259157e-07,0.009889240506329115
2,0.0,0.009889240506329115
3,0.0,0.009889240506329115
4,0.0,0.009889240506329115
