epoch,avg_loss,accuracy
0,3.5506486892700195,0.009889240506329115
1,0.34768638014793396,0.009889240506329115
2,0.003736288985237479,0.009889240506329115
3,0.00018947941134683788,0.009889240506329115
4,3.587108585634269e-05,0.009889240506329115
5,7.881220881245099e-06,0.009889240506329115
6,4.829713361687027e-06,0.009889240506329115
7,3.4997692637261935e-06,0.009889240506329115
8,2.9839393391739577e-06,0.009889240506329115
9,1.927385028466233e-06,0.009889240506329115
