epoch,avg_loss,accuracy
0,4.656291484832764,0.09072066326530612
1,4.318160533905029,0.07971938775510204
2,3.676687240600586,0.07971938775510204
3,2.646763801574707,0.07971938775510204
4,1.1361275911331177,0.07971938775510204
