epoch,avg_loss,accuracy
0,2.684396982192993,0.009889240506329115
1,0.023949945345520973,0.009889240506329115
2,0.0003114697174169123,0.009889240506329115
3,0.00015604238433297724,0.009889240506329115
4,3.419889253564179e-05,0.009889240506329115
5,1.583394350745948e-06,0.009889240506329115
6,1.592827175045386e-05,0.009889240506329115
7,3.998103238700423e-06,0.009889240506329115
8,3.13312881417005e-07,0.009889240506329115
9,2.4098487756418763e-06,0.009889240506329115
