epoch,avg_loss,accuracy
0,2.2967476844787598,0.009889240506329115
1,0.016489574685692787,0.009889240506329115
2,0.000561857596039772,0.009889240506329115
3,3.871001172228716e-05,0.009889240506329115
4,2.1958647266728804e-05,0.009889240506329115
5,7.70743099565152e-06,0.009889240506329115
6,8.547947913939424e-07,0.009889240506329115
7,2.8531032967293868e-06,0.009889240506329115
8,2.4954414357125643e-07,0.009889240506329115
9,2.717169763855054e-06,0.009889240506329115
