epoch,avg_loss,accuracy
0,4.708092212677002,0.0934311224489796
1,4.213692665100098,0.07971938775510204
2,3.262071371078491,0.07971938775510204
3,1.8804171085357666,0.07971938775510204
4,0.4029054343700409,0.07971938775510204
