epoch,avg_loss,accuracy
0,3.4144093990325928,0.009990409207161126
1,0.0751606822013855,0.009990409207161126
2,0.0,0.009990409207161126
3,0.0,0.009990409207161126
4,0.0,0.009990409207161126
