epoch,avg_loss,accuracy
0,4.642117500305176,0.07955994897959184
1,4.211129665374756,0.07971938775510204
2,3.378404140472412,0.07971938775510204
3,1.7757678031921387,0.07971938775510204
4,0.06728683412075043,0.07971938775510204
