epoch,avg_loss,accuracy
0,3.4964232444763184,0.009990409207161126
1,0.010622169822454453,0.009990409207161126
2,0.0,0.009990409207161126
3,0.0,0.009990409207161126
4,0.0,0.009990409207161126
