epoch,avg_loss,accuracy
0,1.1478995084762573,0.009889240506329115
1,2.3283062977608182e-10,0.009889240506329115
2,0.0,0.009889240506329115
3,0.0,0.009889240506329115
4,0.0,0.009889240506329115
