epoch,avg_loss,accuracy
0,2.4349498748779297,0.009889240506329115
1,0.015166196972131729,0.009889240506329115
2,0.0004584902781061828,0.009889240506329115
3,1.2091387361579109e-05,0.009889240506329115
4,8.707302185939625e-06,0.009889240506329115
5,2.7220579568165704e-07,0.009889240506329115
6,3.492451483566583e-08,0.009889240506329115
7,6.233403837541118e-08,0.009889240506329115
8,1.5258973462550784e-06,0.009889240506329115
9,8.464406278108072e-07,0.009889240506329115
