epoch,avg_loss,accuracy
0,3.961454391479492,0.009990409207161126
1,0.6202940940856934,0.009990409207161126
2,4.41974862042116e-06,0.009990409207161126
3,0.0,0.009990409207161126
4,0.0,0.009990409207161126
