epoch,avg_loss,accuracy
0,4.53046989440918,0.07971938775510204
1,4.247183322906494,0.07971938775510204
2,3.7009947299957275,0.07971938775510204
3,2.8713889122009277,0.07971938775510204
4,1.66133451461792,0.07971938775510204
