epoch,avg_loss,accuracy
0,2.92726993560791,0.009990409207161126
1,0.00034927864908240736,0.009990409207161126
2,0.0,0.009990409207161126
3,0.0,0.009990409207161126
4,0.0,0.009990409207161126
