epoch,avg_loss,accuracy
0,3.7450549602508545,0.009990409207161126
1,0.27403876185417175,0.009990409207161126
2,1.1338849503772508e-07,0.009990409207161126
3,0.0,0.009990409207161126
4,0.0,0.009990409207161126
