epoch,avg_loss,accuracy
0,3.176205635070801,0.009990409207161126
1,0.11801472306251526,0.009990409207161126
2,1.0925788046733942e-05,0.009990409207161126
3,2.2167007784901216e-08,0.009990409207161126
4,0.0,0.009990409207161126
