epoch,avg_loss,accuracy
0,4.767350673675537,0.09135841836734694
1,4.1700897216796875,0.07971938775510204
2,3.064558506011963,0.07971938775510204
3,1.597445011138916,0.07971938775510204
4,0.4688311219215393,0.07971938775510204
