epoch,avg_loss,accuracy
0,2.9851443767547607,0.009990409207161126
1,0.0034268477465957403,0.009990409207161126
2,0.0,0.009990409207161126
3,0.0,0.009990409207161126
4,0.0,0.009990409207161126
