epoch,avg_loss,accuracy
0,4.770236492156982,0.07971938775510204
1,4.066394805908203,0.07971938775510204
2,2.726841926574707,0.07971938775510204
3,0.7918268442153931,0.07971938775510204
4,0.027936948463320732,0.07971938775510204
