epoch,avg_loss,accuracy
0,4.667786598205566,0.08370535714285714
1,4.2884745597839355,0.07971938775510204
2,3.5768802165985107,0.07971938775510204
3,2.3491601943969727,0.07971938775510204
4,0.5988990664482117,0.07971938775510204
