epoch,avg_loss,accuracy
0,3.683530807495117,0.009990409207161126
1,0.10212670266628265,0.009990409207161126
2,0.0,0.009990409207161126
3,0.0,0.009990409207161126
4,0.0,0.009990409207161126
