epoch,avg_loss,accuracy
0,2.9030792713165283,0.009889240506329115
1,0.08596029877662659,0.009889240506329115
2,0.001159809879027307,0.009889240506329115
3,5.9748272178694606e-05,0.009889240506329115
4,8.887750482244883e-06,0.009889240506329115
5,3.7177233025431633e-06,0.009889240506329115
6,1.8451933101459872e-06,0.009889240506329115
7,8.580467465435504e-07,0.009889240506329115
8,7.778792223689379e-07,0.009889240506329115
9,4.4292019651948067e-07,0.009889240506329115
