epoch,avg_loss,accuracy
0,3.864804267883301,0.009990409207161126
1,0.489579975605011,0.009990409207161126
2,1.4337653055918054e-06,0.009990409207161126
3,0.0,0.009990409207161126
4,0.0,0.009990409207161126
