epoch,avg_loss,accuracy
0,2.344797372817993,0.009889240506329115
1,0.01819133386015892,0.009889240506329115
2,0.0010963073000311852,0.009889240506329115
3,0.00023377167235594243,0.009889240506329115
4,7.539364014519379e-05,0.009889240506329115
5,6.146620580693707e-05,0.009889240506329115
6,7.65842571581743e-07,0.009889240506329115
7,1.7282613043789752e-05,0.009889240506329115
8,4.109888686798513e-05,0.009889240506329115
9,3.136907616863027e-05,0.009889240506329115
