epoch,avg_loss,accuracy
0,3.4088563919067383,0.009990409207161126
1,0.007188894785940647,0.009990409207161126
2,0.0,0.009990409207161126
3,0.0,0.009990409207161126
4,0.0,0.009990409207161126
