epoch,avg_loss,accuracy
0,4.791210174560547,0.08482142857142858
1,4.333493709564209,0.07971938775510204
2,3.493884801864624,0.07971938775510204
3,2.027341842651367,0.07971938775510204
4,0.16246990859508514,0.07971938775510204
