epoch,avg_loss,accuracy
0,3.7871830463409424,0.009990409207161126
1,0.3316282629966736,0.009990409207161126
2,2.3748722099981023e-08,0.009990409207161126
3,0.0,0.009990409207161126
4,0.0,0.009990409207161126
