epoch,avg_loss,accuracy
0,3.866792678833008,0.009990409207161126
1,0.4040605425834656,0.009990409207161126
2,5.66941594115633e-07,0.009990409207161126
3,0.0,0.009990409207161126
4,0.0,0.009990409207161126
