epoch,avg_loss,accuracy
0,2.244760274887085,0.009889240506329115
1,0.010899713262915611,0.009889240506329115
2,6.247672718018293e-05,0.009889240506329115
3,1.6997904594973079e-06,0.009889240506329115
4,3.691921790505148e-07,0.009889240506329115
5,5.017093940296036e-08,0.009889240506329115
6,7.265919865773185e-09,0.009889240506329115
7,2.595657022652631e-08,0.009889240506329115
8,7.386278610965746e-08,0.009889240506329115
9,3.618489330392549e-08,0.009889240506329115
