epoch,avg_loss,accuracy
0,4.64859676361084,0.10921556122448979
1,4.165735721588135,0.07971938775510204
2,3.1888678073883057,0.07971938775510204
3,1.290597677230835,0.07971938775510204
4,0.02183443121612072,0.07971938775510204
