epoch,avg_loss,accuracy
0,3.801013708114624,0.009990409207161126
1,0.3909648358821869,0.009990409207161126
2,2.898735260714602e-07,0.009990409207161126
3,0.0,0.009990409207161126
4,0.0,0.009990409207161126
