epoch,avg_loss,accuracy
0,4.581768035888672,0.0819515306122449
1,4.273133754730225,0.07971938775510204
2,3.683145046234131,0.07971938775510204
3,2.777395248413086,0.07971938775510204
4,1.4348331689834595,0.07971938775510204
