epoch,avg_loss,accuracy
0,3.016785144805908,0.009889240506329115
1,0.07942270487546921,0.009889240506329115
2,0.00022540993813890964,0.009889240506329115
3,1.936591070261784e-05,0.009889240506329115
4,6.952362127776723e-06,0.009889240506329115
5,6.591185410798062e-07,0.009889240506329115
6,1.214567987517512e-06,0.009889240506329115
7,3.6914525480824523e-07,0.009889240506329115
8,1.0413037898615585e-07,0.009889240506329115
9,5.253243102742999e-07,0.009889240506329115
