epoch,avg_loss,accuracy
0,4.4975810050964355,0.08083545918367346
1,3.9041390419006348,0.07971938775510204
2,2.803755760192871,0.07971938775510204
3,1.4175666570663452,0.07971938775510204
4,0.39685386419296265,0.07971938775510204
