epoch,avg_loss,accuracy
0,3.5246684551239014,0.009990409207161126
1,0.17161451280117035,0.009990409207161126
2,7.292059308383614e-05,0.009990409207161126
3,2.7733551632991293e-07,0.009990409207161126
4,0.0,0.009990409207161126
