epoch,avg_loss,accuracy
0,3.2547121047973633,0.009990409207161126
1,0.15571285784244537,0.009990409207161126
2,3.665657641249709e-05,0.009990409207161126
3,1.4202646170247135e-08,0.009990409207161126
4,0.0,0.009990409207161126
