epoch,avg_loss,accuracy
0,3.119863271713257,0.009990409207161126
1,0.0017747257370501757,0.009990409207161126
2,0.0,0.009990409207161126
3,0.0,0.009990409207161126
4,0.0,0.009990409207161126
