epoch,avg_loss,accuracy
0,2.2508513927459717,0.009889240506329115
1,0.025426285341382027,0.009889240506329115
2,0.000586924550589174,0.009889240506329115
3,0.00013358655269257724,0.009889240506329115
4,2.5593002646928653e-05,0.009889240506329115
5,1.5963023543008603e-05,0.009889240506329115
6,7.829073183529545e-06,0.009889240506329115
7,2.2059824914322235e-05,0.009889240506329115
8,2.842909680111916e-06,0.009889240506329115
9,3.1332399430539226e-06,0.009889240506329115
