epoch,avg_loss,accuracy
0,2.1025190353393555,0.009889240506329115
1,0.002177010988816619,0.009889240506329115
2,4.641315172193572e-06,0.009889240506329115
3,4.238576366333291e-06,0.009889240506329115
4,3.295168653494329e-07,0.009889240506329115
5,1.5898879723863502e-07,0.009889240506329115
6,4.605209369401564e-08,0.009889240506329115
7,9.790538797460613e-07,0.009889240506329115
8,1.6298142835324825e-09,0.009889240506329115
9,9.431877856513893e-08,0.009889240506329115
