epoch,avg_loss,accuracy
0,4.616832733154297,0.07987882653061225
1,4.297364234924316,0.07971938775510204
2,3.690586566925049,0.07971938775510204
3,2.745728015899658,0.07971938775510204
4,1.3489340543746948,0.07971938775510204
