epoch,avg_loss,accuracy
0,3.7386786937713623,0.009990409207161126
1,0.3623359501361847,0.009990409207161126
2,3.224694751224888e-07,0.009990409207161126
3,0.0,0.009990409207161126
4,0.0,0.009990409207161126
