round,accuracy
0,0.1601862212276215
8,0.16248401534526855
9,0.1669397378516624
24,0.1656010230179028
28,0.16779891304347827
59,0.15718909846547316
