epoch,avg_loss,accuracy
0,3.125685453414917,0.009889240506329115
1,0.09343169629573822,0.009889240506329115
2,0.0006068269722163677,0.009889240506329115
3,2.1838963220943697e-05,0.009889240506329115
4,3.4732106541923713e-06,0.009889240506329115
5,6.411208914869349e-07,0.009889240506329115
6,2.952599515992915e-07,0.009889240506329115
7,1.6989309870041325e-07,0.009889240506329115
8,2.669016225809173e-07,0.009889240506329115
9,1.6890575693651044e-07,0.009889240506329115
