epoch,avg_loss,accuracy
0,3.0990943908691406,0.009889240506329115
1,0.09619933366775513,0.009889240506329115
2,0.00047790835378691554,0.009889240506329115
3,3.671566810226068e-05,0.009889240506329115
4,4.1852713366097305e-06,0.009889240506329115
5,6.702971973027161e-07,0.009889240506329115
6,1.4699415942232008e-06,0.009889240506329115
7,2.466622390784323e-07,0.009889240506329115
8,3.540982049798913e-07,0.009889240506329115
9,3.410284534766106e-07,0.009889240506329115
