epoch,avg_loss,accuracy
0,3.6127333641052246,0.009990409207161126
1,0.018777338787913322,0.009990409207161126
2,0.0,0.009990409207161126
3,0.0,0.009990409207161126
4,0.0,0.009990409207161126
