epoch,avg_loss,accuracy
0,1.549927830696106,0.009889240506329115
1,6.412146831280552e-07,0.009889240506329115
2,0.0,0.009889240506329115
3,0.0,0.009889240506329115
4,0.0,0.009889240506329115
