epoch,avg_loss,accuracy
0,2.870154857635498,0.009889240506329115
1,0.05086646229028702,0.009889240506329115
2,0.0002641206083353609,0.009889240506329115
3,3.103338531218469e-05,0.009889240506329115
4,1.514106770628132e-06,0.009889240506329115
5,7.953915996949945e-07,0.009889240506329115
6,2.0044851680722786e-06,0.009889240506329115
7,3.453563124367065e-07,0.009889240506329115
8,9.668880238677957e-07,0.009889240506329115
9,6.050112233424443e-07,0.009889240506329115
