round,accuracy
0,0.16971707161125318
4,0.1730338874680307
12,0.17325367647058823
24,0.16520140664961636
35,0.16066576086956522
43,0.15840792838874682
61,0.16378276854219948
