epoch,avg_loss,accuracy
0,2.3997015953063965,0.009889240506329115
1,0.02039516530930996,0.009889240506329115
2,0.000336954282829538,0.009889240506329115
3,2.9181299396441318e-05,0.009889240506329115
4,2.5896626993926475e-06,0.009889240506329115
5,3.287663048467948e-07,0.009889240506329115
6,2.8332757210591808e-05,0.009889240506329115
7,8.825985560179106e-07,0.009889240506329115
8,2.0151851458649617e-06,0.009889240506329115
9,2.523679540900048e-07,0.009889240506329115
