epoch,avg_loss,accuracy
0,2.494499683380127,0.009889240506329115
1,0.02346503734588623,0.009889240506329115
2,0.00045864266576245427,0.009889240506329115
3,4.2731855501187965e-05,0.009889240506329115
4,4.580985660140868e-06,0.009889240506329115
5,1.8925059066532413e-06,0.009889240506329115
6,8.890431217878358e-07,0.009889240506329115
7,3.6294702567829518e-06,0.009889240506329115
8,1.2387961305648787e-06,0.009889240506329115
9,4.483837983570993e-06,0.009889240506329115
