epoch,avg_loss,accuracy
0,1.539002537727356,0.009889240506329115
1,9.895065886666998e-07,0.009889240506329115
2,0.0,0.009889240506329115
3,0.0,0.009889240506329115
4,0.0,0.009889240506329115
