epoch,avg_loss,accuracy
0,2.9721145629882812,0.009990409207161126
1,0.012956920079886913,0.009990409207161126
2,0.0,0.009990409207161126
3,0.0,0.009990409207161126
4,0.0,0.009990409207161126
