epoch,avg_loss,accuracy
0,2.9060277938842773,0.009889240506329115
1,0.06738080829381943,0.009889240506329115
2,0.0003899107687175274,0.009889240506329115
3,2.6029061700683087e-05,0.009889240506329115
4,3.0270616662164684e-06,0.009889240506329115
5,3.7474313785423874e-07,0.009889240506329115
6,3.437419024976407e-07,0.009889240506329115
7,3.3714059100020677e-07,0.009889240506329115
8,1.194658523218095e-07,0.009889240506329115
9,2.1192984434037498e-07,0.009889240506329115
