epoch,avg_loss,accuracy
0,2.2754249572753906,0.009889240506329115
1,0.028875811025500298,0.009889240506329115
2,0.0007291752262972295,0.009889240506329115
3,8.772837463766336e-05,0.009889240506329115
4,1.8827997337211855e-05,0.009889240506329115
5,6.539692094520433e-06,0.009889240506329115
6,8.477435585518833e-06,0.009889240506329115
7,7.074954282870749e-06,0.009889240506329115
8,2.69512702288921e-06,0.009889240506329115
9,4.375126081868075e-06,0.009889240506329115
